year,institute_id,name,rank,total_score,escs_pct,gphd_avg,gms_median_salary,fppp_sponsored_per_faculty,fppp_consultancy_per_faculty,ss_x1,ss_x2,ss_nt,ss_ne,ss_np,ss_n_prog,fru_capital_per_student,fru_operational_per_student,total_students,faculty_count,escs_abs,escs_rel,gphd_abs,gphd_rel,gms_abs,gms_rel,fppp_abs,fppp_rel,ss_abs,ss_rel,fru_abs,fru_rel
2023,IR-E-C-1269,R.V. College of Engineering,96.0,42.22,23.4494127343911,23.833333333333332,793769.81970857,42315.63483642794,47291.913351016796,0.4714611872146119,0.11643835616438356,3504.0,1652.0,408.0,,12764.726148519137,141363.47127929263,5391.0,377.0,2.29,0.1145,1.02,0.051000000000000004,14.69,0.5876,0.34,0.034,14.0,0.7,7.54,0.25133333333333335
2023,IR-E-C-1331,M. S. Ramaiah Institute of Technology,78.0,45.99,21.337653320990512,20.666666666666668,552137.4865735768,53230.41285956007,25054.932318104908,0.5912037037037037,0.16064814814814815,2160.0,1277.0,347.0,,19343.632118531004,183417.45193455517,4747.0,394.0,1.73,0.0865,1.98,0.099,11.65,0.466,0.35,0.034999999999999996,13.75,0.6875,8.43,0.28099999999999997
2023,IR-E-C-16604,Sri Sivasubramaniya Nadar College of Engineering,45.0,52.88,29.384781435509982,36.833333333333336,611358.8967373024,196456.39438339436,43976.50915750916,0.4148148148148148,0.17888888888888888,2700.0,1120.0,483.0,,18158.583552516222,280438.2547781869,3802.0,273.0,3.81,0.1905,6.22,0.311,12.25,0.49,0.91,0.091,12.5,0.625,10.73,0.3576666666666667
2023,IR-E-C-16626,Rajalakshmi Engineering College,86.0,43.46,61.550089322523014,24.0,439556.4697083022,144872.78106508875,70364.23931623933,0.516120218579235,0.07595628415300547,3660.0,1889.0,278.0,,38922.08553157474,122087.74016342481,7506.0,507.0,9.08,0.454,2.68,0.134,10.09,0.4036,0.78,0.078,14.3,0.7150000000000001,7.69,0.25633333333333336
2023,IR-E-C-19754,SR University,98.0,42.09,63.75,4.5,420138.6046511628,8268.621212121212,0.0,0.35580524344569286,0.030337078651685393,2670.0,950.0,81.0,,21525.682984293195,108570.72312390925,3820.0,264.0,6.36,0.318,0.38,0.019,9.82,0.39280000000000004,0.04,0.004,10.93,0.5465,6.87,0.229
2023,IR-E-C-24004,AU College of Engineering (A),94.0,42.32,67.1113155473781,64.66666666666667,548777.2258311043,158519.79939668174,302113.1447963801,0.6406685236768802,0.14298978644382543,2154.0,1380.0,308.0,,225874.5561469422,218773.18513880193,3194.0,221.0,6.19,0.3095,7.19,0.35950000000000004,11.16,0.4464,1.33,0.133,12.5,0.625,14.42,0.4806666666666667
2023,IR-E-C-30045,"C.V. Raman Global University, Odisha",100.0,41.93,45.789703315881326,0.5,452954.9393414211,68057.88680718189,10796.409055425449,0.5030701754385964,0.0912280701754386,2280.0,1147.0,208.0,,65759.26548978886,175902.63772931808,4815.0,427.0,5.64,0.282,0.23,0.0115,10.45,0.418,0.37,0.037,14.3,0.7150000000000001,9.62,0.32066666666666666
2023,IR-E-C-36995,Sri Krishna College of Engineering and Technology,77.0,46.03,27.122692725298588,15.166666666666666,509429.4461452825,14317.042124542124,58431.80036630036,0.32743114109050026,0.05087127599775155,3558.0,1165.0,181.0,,45876.31409849926,206149.86458113155,4731.0,364.0,3.17,0.1585,0.74,0.037,11.07,0.4428,0.27,0.027000000000000003,11.89,0.5945,10.52,0.3506666666666666
2023,IR-E-C-37013,PSG College of Technology,63.0,49.43,22.588608710985717,28.5,520773.56978059263,105773.44517066087,9841.736383442265,0.6010834236186349,0.0771397616468039,4615.0,2774.0,356.0,,20261.22062590489,168386.9678694732,5986.0,459.0,2.12,0.10600000000000001,3.06,0.153,11.25,0.45,0.49,0.049,14.71,0.7355,7.81,0.2603333333333333
2023,IR-E-C-41593,"College of Engineering, Pune",73.0,46.89,59.038978494623656,13.666666666666666,771963.4480657935,433127.8195488722,381679.25689223054,0.7076427255985267,0.11924493554327809,2172.0,1537.0,259.0,,55888.967446865754,296852.1340686934,3717.0,266.0,5.5,0.275,1.73,0.0865,14.9,0.596,2.4,0.24,11.5,0.575,13.77,0.45899999999999996
2023,IR-E-C-6379,Netaji Subhas University of Technology (NSUT),60.0,49.68,15.140250084488002,23.833333333333332,1341190.0826446281,71372.99470899471,28783.232048374906,0.29355716878402904,0.06102540834845735,4408.0,1294.0,269.0,,27944.919379598752,157799.37314064897,6297.0,441.0,2.36,0.118,7.03,0.35150000000000003,18.8,0.752,0.39,0.039,16.21,0.8105,8.87,0.29566666666666663
2023,IR-E-C-7252,Manipal Institute of Technology,61.0,49.62,10.514271949897628,11.0,699959.2218686723,25989.958086785013,3615.003944773175,0.47796293412241087,0.06883662980844105,6421.0,3069.0,442.0,,14768.377433024492,160380.68139050493,9282.0,676.0,1.51,0.0755,3.83,0.1915,13.34,0.5336,0.13,0.013000000000000001,16.34,0.817,7.77,0.259
2023,IR-E-I-1074,Indian Institute of Technology Delhi,2.0,87.09,54.13652802893309,155.66666666666666,1533152.664859982,3132943.609357998,405569.7442872688,0.829857526326657,0.7730745405740244,4843.0,4019.0,3744.0,,411882.190908692,932021.2634811988,7597.0,919.0,8.33,0.4165,16.73,0.8365,21.18,0.8472,6.94,0.6940000000000001,18.43,0.9215,23.21,0.7736666666666667
2023,IR-E-I-1075,Indian Institute of Technology Kanpur,4.0,80.65,56.68867693812668,107.5,1822398.5904463585,4229201.398601399,529303.3216783217,0.9680792515134837,1.194276279581728,1817.0,1759.0,2170.0,,187437.96627491058,1200690.6262419804,5871.0,572.0,7.53,0.3765,16.02,0.8009999999999999,21.93,0.8772,7.32,0.732,18.5,0.925,23.2,0.7733333333333333
2023,IR-E-I-1441,Saveetha Institute of Medical and Technical Sciences,64.0,49.3,38.77513030528667,9.666666666666666,368850.3983475952,,100416.9441340782,0.3458646616541353,0.061152882205513785,3990.0,1380.0,244.0,,19062.831216639057,153413.96048837353,5433.0,358.0,6.17,0.3085,1.15,0.057499999999999996,8.96,0.35840000000000005,0.28,0.028000000000000004,15.5,0.775,7.77,0.259
2023,IR-E-I-1480,Thapar Institute of Engineering and Technology (Deemed-to-be-university),20.0,61.24,5.119034313177601,51.0,860365.2300949598,139394.25458147598,45594.93065874195,0.3101831501831502,0.09684981684981685,6825.0,2117.0,661.0,,40917.2757591902,268783.31365654414,9385.0,673.0,0.79,0.0395,9.28,0.46399999999999997,15.0,0.6,0.69,0.06899999999999999,17.16,0.858,11.81,0.39366666666666666
2023,IR-E-U-0013,Indian Institute of Technology Hyderabad,8.0,70.28,34.2685370741483,36.333333333333336,1797119.6410767697,1674105.085910653,427414.4994272623,0.5158371040723982,1.0980392156862746,663.0,342.0,728.0,,286882.5288243305,849419.4958390074,2203.0,291.0,3.46,0.173,8.43,0.4215,21.12,0.8448,5.35,0.5349999999999999,12.65,0.6325000000000001,22.89,0.763
2023,IR-E-U-0014,International Institute of Information Technology Hyderabad,55.0,50.33,3.0905077262693155,8.5,2282165.5328798187,1493251.3691460055,34102.96694214876,0.4715261958997722,0.12072892938496584,1317.0,621.0,159.0,,45780.62225760792,292498.7823779193,1884.0,121.0,0.43,0.0215,2.34,0.11699999999999999,25.0,1.0,3.44,0.344,9.5,0.475,12.24,0.40800000000000003
2023,IR-E-U-0017,Jawaharlal Nehru Technological University,83.0,44.75,74.87427466150871,128.5,436050.7153806847,552753.0777202073,554789.7262521589,0.787379421221865,0.01647909967845659,2488.0,1959.0,41.0,,100318.61215651136,366560.1623855038,6696.0,386.0,6.24,0.312,3.12,0.156,10.09,0.4036,2.57,0.257,14.0,0.7,15.62,0.5206666666666666
2023,IR-E-U-0020,Koneru Lakshmaiah Education Foundation University (K L College of Engineering),44.0,53.69,3.11125329920819,63.666666666666664,519169.2652712516,77422.60811781608,15358.347341954024,0.38144431326249506,0.07251082251082251,10164.0,3877.0,737.0,,11775.105603228114,132570.45967412402,13052.0,928.0,0.48,0.024,7.29,0.3645,11.36,0.45439999999999997,0.37,0.037,17.43,0.8714999999999999,6.3,0.21
2023,IR-E-U-0025,National Institute of Technology Warangal,21.0,61.13,39.436958614051974,42.666666666666664,1091738.2934443287,351291.30163304514,39122.33237271854,0.6320208453966416,0.2197452229299363,3454.0,2183.0,759.0,,86666.26774549467,349557.668505578,5438.0,347.0,4.73,0.23650000000000002,9.18,0.45899999999999996,17.42,0.6968000000000001,1.23,0.123,16.5,0.825,14.95,0.4983333333333333
2023,IR-E-U-0042,University of Hyderabad,71.0,47.51,,18.166666666666668,1683245.7786116323,402688.48484848486,1775.7575757575758,1.2984409799554566,0.17817371937639198,449.0,583.0,80.0,,46292.029262086515,965104.5012722646,262.0,55.0,0.0,0.0,5.7,0.28500000000000003,12.79,0.5115999999999999,1.29,0.129,2.89,0.14450000000000002,11.5,0.38333333333333336
2023,IR-E-U-0043,"Vignan's Foundation for Science, Technology and Research",85.0,43.74,47.14148834238262,21.666666666666668,442357.31208270515,59202.53310305123,25987.82383419689,0.43137254901960786,0.13602941176470587,4080.0,1760.0,555.0,,9462.81814437236,89688.81289259602,6474.0,579.0,5.86,0.29300000000000004,2.95,0.14750000000000002,10.14,0.4056,0.33,0.033,13.85,0.6925,4.16,0.13866666666666666
2023,IR-E-U-0053,Indian Institute of Technology Guwahati,7.0,70.32,5.922254109052961,112.66666666666667,1701837.6068376068,2732015.8102766797,204479.5783926219,0.9180225281602002,1.6401752190237797,1598.0,1467.0,2621.0,,136081.55266151726,523570.0901143644,5567.0,506.0,0.95,0.0475,15.61,0.7805,22.09,0.8835999999999999,5.29,0.529,18.5,0.925,16.2,0.5399999999999999
2023,IR-E-U-0055,National Institute of Technology Silchar,40.0,55.07,50.07564296520424,28.5,785530.2402651202,365450.16152716597,49083.779735682816,0.44750755287009064,0.24962235649546827,2648.0,1185.0,661.0,,59598.45690111053,279830.482108232,3782.0,227.0,4.02,0.20099999999999998,6.79,0.3395,14.72,0.5888,1.19,0.119,13.34,0.667,12.25,0.4083333333333333
2023,IR-E-U-0064,Indian Institute of Technology Patna,41.0,55.03,44.37669376693767,35.333333333333336,1418247.767857143,1734169.4894179893,214199.8544973545,0.4173419773095624,0.5502431118314425,1234.0,515.0,679.0,,164279.16435452792,487332.9190751445,1730.0,126.0,7.02,0.351,8.34,0.417,19.77,0.7908,3.75,0.375,10.99,0.5495,16.27,0.5423333333333333
2023,IR-E-U-0072,National Institute of Technology Patna,56.0,50.16,74.69158878504673,22.5,717726.618705036,362630.7454212454,369837.12637362635,0.4640035118525022,0.5122914837576822,2278.0,1057.0,1167.0,,44507.68646131046,286305.1520059278,3149.0,182.0,10.03,0.5015,5.73,0.28650000000000003,14.14,0.5656,1.65,0.16499999999999998,12.86,0.643,11.64,0.388
2023,IR-E-U-0092,"National Institute of Technology, Raipur",70.0,47.69,55.43175487465181,32.833333333333336,772939.7176650134,96512.81509433962,89337.27924528302,0.5311053984575835,0.22930591259640104,1945.0,1033.0,446.0,,33072.26272577997,206135.99249354916,4263.0,265.0,8.41,0.4205,6.69,0.3345,14.59,0.5836,0.54,0.054000000000000006,14.08,0.704,9.39,0.313
2023,IR-E-U-0098,Delhi Technological University,29.0,58.34,31.755076668048073,29.666666666666668,1152189.311728854,100697.73781902553,116040.07269914927,0.3799388053744845,0.18079020885991753,7517.0,2856.0,1359.0,,25082.266230643454,212769.85034144466,10397.0,862.0,3.19,0.1595,5.09,0.2545,17.44,0.6976,0.83,0.08299999999999999,18.9,0.945,9.57,0.319
2023,IR-E-U-0099,Guru Gobind Singh Indraprastha University,84.0,44.31,13.722397476340694,17.166666666666668,742671.2328767123,211956.5734767025,0.0,0.8809523809523809,0.5976190476190476,420.0,370.0,251.0,,25456.173588924386,128340.04771033014,1565.0,93.0,1.21,0.0605,3.27,0.1635,14.04,0.5616,0.7,0.06999999999999999,9.5,0.475,8.01,0.267
2023,IR-E-U-0105,Indraprastha Institute of Information Technology Delhi,75.0,46.57,7.225130890052356,9.0,1526275.0659630606,1724759.5732323232,78723.09343434343,0.49498525073746313,0.15221238938053097,1695.0,839.0,258.0,,52038.75103675104,297820.32475332473,2331.0,132.0,0.67,0.0335,3.38,0.16899999999999998,20.0,0.8,3.33,0.333,11.42,0.571,12.24,0.40800000000000003
2023,IR-E-U-0108,"Jamia Millia Islamia,New Delhi",26.0,59.3,95.51820728291317,25.5,698507.9575596817,645926.864102564,635991.6102564102,0.562655601659751,0.2705394190871369,1205.0,678.0,326.0,,12545.6052130898,280633.4627092846,1752.0,130.0,9.16,0.458,7.35,0.3675,13.02,0.5207999999999999,3.03,0.303,10.5,0.525,9.77,0.32566666666666666
2023,IR-E-U-0139,Indian Institute of Technology Gandhinagar,18.0,61.66,40.981735159817354,29.0,992769.0253671563,3165759.200617284,276586.6635802469,0.5952380952380952,0.7559523809523809,672.0,400.0,508.0,,387003.8722109533,1211878.8262339418,986.0,108.0,4.71,0.2355,7.91,0.3955,16.71,0.6684,6.19,0.619,10.0,0.5,23.32,0.7773333333333333
2023,IR-E-U-0149,Sardar Vallabhbhai National Institute of Technology,65.0,49.0,37.368262571514606,38.166666666666664,724428.7288758266,165931.64141414143,338884.6351010101,0.6505131128848347,0.4960091220068415,1754.0,1141.0,870.0,,33478.45630279402,321613.43948992854,4104.0,264.0,3.58,0.179,6.37,0.3185,13.82,0.5528,1.09,0.10900000000000001,14.05,0.7025,10.9,0.36333333333333334
2023,IR-E-U-0155,"Amity University Haryana, Gurgaon",99.0,41.99,18.452380952380953,9.833333333333334,364696.32768361585,209449.30446194226,10126.674540682416,1.7575757575757576,1.6666666666666667,165.0,290.0,275.0,,15817.77313326188,174437.83208288674,933.0,127.0,2.83,0.14150000000000001,1.98,0.099,9.24,0.3696,0.94,0.094,7.89,0.39449999999999996,7.19,0.23966666666666667
2023,IR-E-U-0172,National Institute of Technology Kurukshetra,58.0,49.89,43.127272727272725,25.0,648302.5261860752,133422.47727272726,326691.50151515147,0.49956933677863913,0.11340798162503589,3483.0,1740.0,395.0,,44029.532878909384,268756.54905105586,4988.0,220.0,3.46,0.173,4.21,0.2105,12.25,0.49,0.86,0.086,15.11,0.7555,11.9,0.39666666666666667
2023,IR-E-U-0184,Indian Institute of Technology Mandi,33.0,56.49,73.41417910447761,27.833333333333332,1218009.5238095238,778209.4874759152,41058.687861271676,0.575993091537133,0.42918825561312607,1158.0,667.0,497.0,,116499.00234441602,542932.6485507246,1564.0,173.0,9.31,0.4655,7.45,0.3725,21.25,0.85,2.62,0.262,9.24,0.462,15.92,0.5306666666666666
2023,IR-E-U-0197,National Institute of Technology Srinagar,82.0,45.7,87.49584303292318,20.0,690480.1136363636,174480.78774928776,103957.4074074074,0.5543154761904762,0.23363095238095238,1344.0,745.0,314.0,,93994.523335345,264973.63417823374,3314.0,234.0,12.68,0.634,5.73,0.28650000000000003,13.58,0.5432,0.92,0.092,13.01,0.6505,13.1,0.43666666666666665
2023,IR-E-U-0202,Birla Institute of Technology,53.0,50.68,11.28310973512212,22.0,820818.6847736626,339917.3524492234,22583.072879330943,0.40668419076229817,0.12654900488171236,2663.0,1083.0,337.0,,60328.57192982456,276020.42385964916,3325.0,279.0,1.01,0.0505,4.92,0.246,15.13,0.6052000000000001,1.35,0.135,12.52,0.626,11.19,0.373
2023,IR-E-U-0205,Indian Institute of Technology (Indian School of Mines),17.0,62.37,52.054794520547944,79.33333333333333,1090503.1995346132,766562.8477891156,121274.32227891157,0.6217358865953743,0.37602586421288237,4021.0,2500.0,1512.0,,106186.67726985464,534762.8568920721,4747.0,392.0,7.76,0.388,11.22,0.561,17.91,0.7164,2.35,0.23500000000000001,15.0,0.75,15.19,0.5063333333333333
2023,IR-E-U-0221,International Institute of Information Technology Bangalore,74.0,46.58,,3.6666666666666665,2164445.954198473,6292175.296296297,108216.4656084656,0.9314814814814815,0.15925925925925927,540.0,503.0,86.0,,93787.61657458564,1664085.4902394107,905.0,63.0,0.0,0.0,0.88,0.044,23.16,0.9264,7.27,0.727,6.16,0.308,26.04,0.868
2023,IR-E-U-0237,"National Institute of Technology Karnataka, Surathkal",12.0,65.26,65.0873478030704,63.166666666666664,1028790.2200488998,1234672.9686868687,366258.0171717172,0.7834941050375134,0.33154698106466596,2799.0,2193.0,928.0,,174763.17985382906,464833.6938036225,5245.0,330.0,9.99,0.4995,11.49,0.5745,16.87,0.6748000000000001,3.51,0.351,17.5,0.875,18.9,0.63
2023,IR-E-U-0249,Visvesvaraya Technological University,52.0,51.38,65.57377049180327,36.166666666666664,351702.0295202952,51604.477611940296,110455.68159203981,0.7457627118644068,0.3879472693032015,531.0,396.0,206.0,,222460.44816955682,586978.4073217727,865.0,67.0,3.56,0.178,1.22,0.061,8.72,0.3488,0.42,0.041999999999999996,7.11,0.35550000000000004,18.6,0.62
2023,IR-E-U-0255,Indian Institute of Space Science and Technology,48.0,52.04,28.35820895522388,9.166666666666666,970106.0466562986,183781.28712871287,48195.13201320132,0.7540453074433657,0.42718446601941745,618.0,466.0,264.0,,,847277.1439114391,813.0,101.0,4.38,0.219,2.95,0.14750000000000002,16.27,0.6507999999999999,0.89,0.089,7.19,0.35950000000000004,19.03,0.6343333333333334
2023,IR-E-U-0263,National Institute of Technology Calicut,23.0,60.28,66.35109548282391,45.666666666666664,993355.0665580005,345031.3568507157,31975.446830265846,0.5496835443037975,0.2098101265822785,3160.0,1737.0,663.0,,57666.054323156895,363833.23837762646,4553.0,326.0,9.76,0.488,10.21,0.5105000000000001,16.24,0.6496,1.27,0.127,16.0,0.8,13.33,0.44433333333333336
2023,IR-E-U-0267,Atal Bihari Vajpayee Indian Institute of Information Technology and Management,88.0,43.41,39.08794788273616,3.3333333333333335,1664461.3778705637,265535.847826087,61518.659420289856,0.29004329004329005,0.11038961038961038,462.0,134.0,51.0,,29467.825329064388,282504.0651013874,937.0,46.0,3.44,0.172,1.41,0.0705,21.4,0.856,0.86,0.086,6.43,0.3215,11.42,0.38066666666666665
2023,IR-E-U-0273,Indian Institute of Technology Indore,14.0,63.93,37.80778395552026,41.166666666666664,1478852.119958635,1201587.9642276422,96508.60325203252,0.7135325131810193,0.961335676625659,569.0,406.0,547.0,,144802.81639277746,588268.7025765876,1643.0,205.0,5.76,0.288,9.84,0.492,20.37,0.8148000000000001,4.04,0.404,10.88,0.544,17.23,0.5743333333333334
2023,IR-E-U-0284,Maulana Azad National Institute of Technology,80.0,45.9,65.88016967126192,29.833333333333332,923929.0407358739,121086.70434782609,244047.00869565218,0.6702919290211792,0.17515741270749857,1747.0,1171.0,306.0,,39427.20237837838,187319.06162162163,4625.0,230.0,10.01,0.5005,3.83,0.1915,15.3,0.612,0.75,0.075,15.45,0.7725,9.15,0.305
2023,IR-E-U-0286,"Pandit Dwarka Prasad Mishra Indian Institute of Information Technology, Design and Manufacturing (IIITDM)",97.0,42.14,58.18527918781726,11.833333333333334,918146.0674157303,382099.0273972603,32214.55707762557,0.37953263497179696,0.1643835616438356,1241.0,471.0,204.0,,33621.571230982016,249484.34894289667,1687.0,73.0,6.09,0.3045,4.21,0.2105,15.59,0.6236,0.84,0.08399999999999999,8.83,0.4415,10.38,0.34600000000000003
2023,IR-E-U-0297,Defence Institute of Advanced Technology,57.0,50.14,,14.833333333333334,1708778.6259541984,2252810.756218905,923511.3681592039,0.5089285714285714,0.3125,448.0,228.0,140.0,,306659.79853479855,543590.004884005,546.0,67.0,0.0,0.0,2.62,0.131,20.82,0.8328,6.3,0.63,5.0,0.25,16.45,0.5483333333333333
2023,IR-E-U-0306,Indian Institute of Technology Bombay,3.0,80.74,39.22641853676336,164.16666666666666,1398650.2948171415,4320198.543347241,822114.0472878999,0.8710081402629931,0.8449175537466083,4791.0,4173.0,4048.0,,,844871.207721459,8444.0,719.0,4.41,0.2205,17.2,0.86,19.5,0.78,7.04,0.704,18.5,0.925,20.53,0.6843333333333333
2023,IR-E-U-0308,Institute of Chemical Technology,24.0,59.7,10.087719298245615,42.333333333333336,638183.3910034602,1758254.26007326,254379.49084249086,0.7250755287009063,0.4637462235649547,662.0,480.0,307.0,,158182.0097513408,,2051.0,182.0,1.1,0.05500000000000001,9.7,0.485,13.54,0.5416,4.93,0.493,10.82,0.541,17.36,0.5786666666666667
2023,IR-E-U-0334,"Visvesvaraya National Institute of Technology, Nagpur",41.0,55.03,22.423146473779386,26.5,890882.7072997874,507644.8650793651,592128.560090703,0.5367549668874172,0.178476821192053,3020.0,1621.0,539.0,,101004.20988274706,324938.2631490787,3980.0,294.0,3.48,0.174,7.12,0.356,15.58,0.6232,2.62,0.262,14.04,0.702,13.51,0.4503333333333333
2023,IR-E-U-0355,Indian Institute of Technology Bhubaneswar,47.0,52.42,50.87108013937282,20.833333333333332,1282553.1547104581,1011391.5521628498,346022.9694656489,0.5901328273244781,0.265022137887413,1581.0,933.0,419.0,,111518.66191178882,447296.1232989014,2033.0,131.0,6.48,0.324,6.41,0.3205,19.01,0.7604000000000001,2.82,0.282,10.95,0.5475,15.3,0.51
2023,IR-E-U-0356,Kalinga Institute of Industrial Technology,39.0,55.14,12.39343338265342,45.0,524135.7865843198,86585.24984005118,32671.012476007676,0.3774490971955436,0.11390703034959662,10412.0,3930.0,1186.0,,53832.5062336641,253588.55392871186,14411.0,1042.0,1.86,0.093,10.44,0.522,11.15,0.446,0.46,0.046,20.0,1.0,11.51,0.38366666666666666
2023,IR-E-U-0357,National Institute of Technology Rourkela,16.0,62.79,56.12677813825805,54.5,823989.0736342042,502432.97222222225,114286.9675925926,2.0050632911392405,1.0569620253164558,790.0,1584.0,835.0,,,372239.4675611101,5441.0,360.0,8.69,0.4345,11.61,0.5805,14.52,0.5808,1.81,0.181,17.5,0.875,13.71,0.457
2023,IR-E-U-0363,Siksha `O` Anusandhan,27.0,58.92,8.28886958679737,32.833333333333336,398526.13164224796,118367.63129689175,201076.63451232584,0.3730392156862745,0.21299019607843137,4080.0,1522.0,869.0,,85467.86101956955,308926.8685056349,8193.0,622.0,1.3,0.065,8.31,0.41550000000000004,9.54,0.38159999999999994,1.0,0.1,17.36,0.868,13.74,0.458
2023,IR-E-U-0373,Chitkara University,92.0,42.48,3.101543690695369,12.166666666666666,610313.1991051454,4765.875075075075,78836.92192192192,0.3847715736040609,0.09644670050761421,2955.0,1137.0,285.0,,19827.942885347624,159639.32943167395,7091.0,555.0,0.41,0.020499999999999997,1.22,0.061,12.34,0.4936,0.29,0.028999999999999998,14.43,0.7215,8.7,0.29
2023,IR-E-U-0374,"Dr. B R Ambedkar National Institute of Technology, Jalandhar",46.0,52.85,54.12935323383085,29.833333333333332,707274.1679873217,89741.88693467337,30262.108040201005,0.5760416666666667,0.2869791666666667,1920.0,1106.0,551.0,,22131.58092132083,200688.12916157086,4906.0,398.0,8.38,0.41900000000000004,6.44,0.322,13.59,0.5436,0.5,0.05,15.59,0.7795,9.23,0.3076666666666667
2023,IR-E-U-0378,Indian Institute of Technology Ropar,22.0,60.51,51.90548780487805,18.666666666666668,1453377.8452200303,1353516.6,213940.5588235294,1.6728971962616823,2.29595015576324,321.0,537.0,737.0,,318887.0049806309,649909.5495296071,1807.0,170.0,7.91,0.3955,5.54,0.277,18.96,0.7584000000000001,3.84,0.384,11.05,0.5525,19.81,0.6603333333333333
2023,IR-E-U-0379,Lovely Professional University,50.0,51.47,0.0,30.333333333333332,508633.1511278774,14005.510802469134,12596.573456790124,1.1145077720207255,0.11683937823834196,7720.0,8604.0,902.0,,6327.6966136834835,113939.82733345899,15917.0,1080.0,0.0,0.0,2.79,0.1395,11.19,0.4476,0.1,0.01,18.0,0.9,5.39,0.17966666666666667
2023,IR-E-U-0389,Banasthali Vidyapith,68.0,47.93,36.506915406883245,30.333333333333332,612328.8201160542,154917.25603864732,69986.28019323671,0.3238482384823848,0.06842818428184282,2952.0,956.0,202.0,,36988.72797414242,205184.31300177248,3197.0,276.0,4.49,0.2245,8.23,0.41150000000000003,12.41,0.4964,0.81,0.081,11.49,0.5745,8.58,0.286
2023,IR-E-U-0391,Birla Institute of Technology & Science -Pilani,25.0,59.52,0.10020952901521363,32.833333333333336,1478940.0975156722,260248.1292620865,20330.727735368957,0.6137254901960785,0.12638146167557932,5610.0,3443.0,709.0,,55758.88733117234,250536.04616423554,12340.0,655.0,0.02,0.001,6.76,0.33799999999999997,19.66,0.7864,0.81,0.081,18.84,0.942,11.77,0.3923333333333333
2023,IR-E-U-0395,Indian Institute of Technology Jodhpur,30.0,58.03,36.61875427789185,12.333333333333334,1240616.966580977,1522658.0229357798,167976.5519877676,0.43399209486166007,0.5059288537549407,1265.0,549.0,640.0,,277225.4056312443,723877.0868301544,1835.0,218.0,5.42,0.271,3.97,0.1985,18.42,0.7368000000000001,4.64,0.46399999999999997,11.04,0.5519999999999999,21.34,0.7113333333333334
2023,IR-E-U-0410,Malaviya National Institute of Technology,37.0,55.6,47.456,45.0,809584.0825840826,359411.6523994812,458828.0064850843,0.5810055865921788,0.30062849162011174,2864.0,1664.0,861.0,,32349.27800100452,308176.5104637536,3982.0,257.0,7.5,0.375,8.08,0.404,14.4,0.5760000000000001,1.86,0.186,15.25,0.7625,11.22,0.374
2023,IR-E-U-0436,Amrita Vishwa Vidyapeetham,19.0,61.54,34.34875826335537,18.5,468797.96232218377,419234.9067770623,61495.57896350813,0.4234021387714499,0.12173588659537428,8042.0,3405.0,979.0,,44272.84907916767,183590.57984533205,12543.0,1087.0,5.44,0.272,2.28,0.11399999999999999,10.21,0.40840000000000004,1.94,0.194,18.0,0.9,10.22,0.3406666666666667
2023,IR-E-U-0439,Anna University,13.0,65.06,49.50937636284343,110.83333333333333,554282.5016063397,454647.15165165166,278467.7421171171,0.7714011516314779,0.32149712092130517,5210.0,4019.0,1675.0,,63430.92929480628,251235.7969896869,10763.0,888.0,4.14,0.207,12.25,0.6125,11.72,0.46880000000000005,2.14,0.21400000000000002,17.59,0.8795,9.98,0.33266666666666667
2023,IR-E-U-0456,Indian Institute of Technology Madras,1.0,89.79,51.355357899195255,117.16666666666667,1503014.734500973,6314279.032651071,2780713.8377192984,0.3645907897876402,0.5810069195895967,4191.0,1528.0,2435.0,,495594.93060364295,1708049.130714035,6643.0,684.0,7.86,0.393,16.75,0.8375,20.0,0.8,10.0,1.0,18.5,0.925,29.4,0.98
2023,IR-E-U-0458,Kalasalingam Academy of Research and Education,36.0,55.69,51.01135557132718,36.666666666666664,477725.0645994832,30798.292644757432,177922.7198748044,0.5375968992248062,0.15968992248062017,2580.0,1387.0,412.0,,36870.04611802124,208688.64957119327,5869.0,426.0,7.8,0.39,8.0,0.4,10.62,0.42479999999999996,0.6,0.06,16.47,0.8234999999999999,10.07,0.33566666666666667
2023,IR-E-U-0467,National Institute of Technology Tiruchirappalli,9.0,69.71,53.64910584823586,74.5,1052486.5229110513,640473.0406719717,137025.87709991157,1.16015625,1.17578125,768.0,891.0,903.0,,110027.67878560719,444589.95652173914,5336.0,377.0,8.41,0.4205,11.57,0.5785,17.02,0.6808,2.28,0.22799999999999998,17.5,0.875,16.99,0.5663333333333332
2023,IR-E-U-0473,S.R.M. Institute of Science and Technology,28.0,58.56,5.962030716723549,75.66666666666667,406340.72856751573,75652.03659611993,8416.56569664903,0.2863694837518877,0.10475977403657923,17879.0,5120.0,1873.0,,37464.36328358719,266550.4251500077,19499.0,1512.0,0.8,0.04,7.82,0.391,9.54,0.38159999999999994,0.31,0.031,17.55,0.8775000000000001,9.93,0.331
2023,IR-E-U-0474,Sathyabama Institute of Science and Technology,66.0,48.87,20.370559934486643,65.83333333333333,384699.01168014377,72890.7382594417,28026.108374384236,0.29333333333333333,0.1922222222222222,5400.0,1584.0,1038.0,,36439.834674615005,133647.87670144063,10065.0,1015.0,2.28,0.11399999999999999,5.46,0.273,9.3,0.37200000000000005,0.52,0.052000000000000005,15.46,0.773,7.17,0.239
2023,IR-E-U-0476,Shanmugha Arts Science Technology & Research Academy,34.0,56.21,3.2068062827225132,33.0,601204.5014946369,277073.7403846154,343867.62446581194,0.9443298969072165,0.13350515463917526,3880.0,3664.0,518.0,,129107.58981974178,154905.2868044384,8081.0,624.0,0.44,0.022,6.82,0.341,12.41,0.4964,1.9,0.19,16.47,0.8234999999999999,10.82,0.3606666666666667
2023,IR-E-U-0489,Vel Tech Rangarajan Dr. Sagunthala R & D Institute of Science and Technology,87.0,43.43,42.16348393106661,18.833333333333332,377835.6135986733,33942.048104956266,14403.62973760933,0.44395833333333334,0.08458333333333333,4800.0,2131.0,406.0,,6236.405525238745,81364.06067151735,8796.0,686.0,6.27,0.3135,0.52,0.026000000000000002,9.08,0.3632,0.2,0.02,13.1,0.655,4.12,0.13733333333333334
2023,IR-E-U-0490,Vellore Institute of Technology,11.0,66.59,0.7877818357429598,141.83333333333334,680295.5721944907,49118.073407985525,5132.749802058591,0.7857733175914994,0.1270365997638725,16940.0,13311.0,2152.0,,14755.643084641155,128487.57381553542,40398.0,2947.0,0.12,0.006,14.11,0.7055,13.38,0.5352,0.24,0.024,20.0,1.0,7.16,0.23866666666666667
2023,IR-E-U-0493,National Institute of Technology Agartala,91.0,43.24,74.12737293325168,19.833333333333332,656827.8084714549,54802.99099099099,27038.35885885886,0.5467148884870404,0.1946955997588909,1659.0,907.0,323.0,,61519.955237828246,211450.77039529016,3567.0,222.0,8.66,0.433,4.57,0.2285,12.96,0.5184000000000001,0.25,0.025,12.4,0.62,9.97,0.33233333333333337
2023,IR-E-U-0496,Aligarh Muslim University,32.0,57.26,30.79787234042553,17.833333333333332,519081.0234541578,476771.8011444922,108455.57367668097,0.6888731396172927,0.18639262934089298,1411.0,972.0,263.0,,10715.65117872807,381099.3333333333,2432.0,233.0,3.23,0.1615,5.66,0.28300000000000003,11.43,0.4572,2.03,0.20299999999999999,11.0,0.55,12.9,0.43
2023,IR-E-U-0497,Amity University,31.0,57.3,1.0416666666666667,53.333333333333336,444637.1040723982,135422.3727810651,1370.3990795529257,1.6741293532338308,0.49203980099502487,2010.0,3365.0,989.0,,6636.643439419319,270234.41691792296,5970.0,507.0,0.16,0.008,5.73,0.28650000000000003,10.18,0.4072,0.61,0.061,15.5,0.775,8.52,0.284
2023,IR-E-U-0516,Indian Institute of Information Technology Allahabad,89.0,43.29,24.502487562189053,14.166666666666666,1983992.7880386983,313729.9578059072,70399.93670886075,0.5408587257617729,0.1634349030470914,1444.0,781.0,236.0,,24151.1746680286,201165.6094654409,1958.0,79.0,3.61,0.1805,4.84,0.242,23.23,0.9292,0.75,0.075,10.38,0.519,8.9,0.2966666666666667
2023,IR-E-U-0530,Motilal Nehru National Institute of Technology,49.0,51.89,63.691931540342296,43.166666666666664,1067760.3658536586,455958.10294117645,441571.48161764705,0.6964285714285714,0.27448979591836736,1960.0,1365.0,538.0,,73562.83872020895,308112.5282402873,5105.0,272.0,9.82,0.491,9.0,0.45,16.84,0.6736,1.9,0.19,16.01,0.8005000000000001,13.18,0.4393333333333333
2023,IR-E-U-0535,Rajiv Gandhi Institute of Petroleum Technology,79.0,45.97,26.273885350318473,6.333333333333333,703705.0561797753,490131.5495495495,113209.85135135135,0.3710691823899371,0.3417190775681342,477.0,177.0,163.0,,295584.1245421245,474850.61630036635,728.0,74.0,3.36,0.16799999999999998,2.51,0.1255,13.87,0.5548,2.43,0.24300000000000002,8.0,0.4,20.64,0.6880000000000001
2023,IR-E-U-0555,Graphic Era University,62.0,49.59,2.6624548736462095,17.0,521521.8458517428,21689.31654676259,63950.839328537164,0.4564814814814815,0.11805555555555555,2160.0,986.0,255.0,,58651.85936354304,175537.65720780173,4546.0,278.0,0.43,0.0215,3.06,0.153,11.18,0.4472,0.26,0.026000000000000002,14.0,0.7,10.55,0.3516666666666667
2023,IR-E-U-0560,Indian Institute of Technology Roorkee,5.0,75.64,33.75122910521141,104.83333333333333,1625815.7894736843,1331610.6003460207,937741.3229527104,1.4601924759405074,2.3333333333333335,1143.0,1669.0,2667.0,,185852.60880357437,631599.9991174361,6043.0,578.0,5.38,0.269,15.54,0.7769999999999999,20.78,0.8312,4.68,0.46799999999999997,17.61,0.8805,17.74,0.5913333333333333
2023,IR-E-U-0564,UPES,54.0,50.63,0.4402054292002935,13.666666666666666,454603.16882170824,39685.78139850645,24510.408689748812,0.49406060606060603,0.06933333333333333,4125.0,2038.0,286.0,,17046.423432682426,309156.3445814777,5838.0,491.0,0.07,0.0035000000000000005,0.52,0.026000000000000002,10.23,0.4092,0.31,0.031,14.5,0.725,11.01,0.367
2023,IR-E-U-0573,Indian Institute of Technology Kharagpur,6.0,73.76,37.0627261761158,,1286049.534085336,778080.6311226701,,0.455793879152498,0.46220245880198796,7646.0,3485.0,3534.0,,59436.70748822455,533285.9095773655,10403.0,769.0,5.88,0.294,20.0,1.0,20.33,0.8131999999999999,2.44,0.244,18.45,0.9225,14.71,0.49033333333333334
2023,IR-E-U-0575,Jadavpur University,10.0,67.04,78.26178896172553,58.5,950729.4697903822,698913.4579646018,302131.6873156342,0.7256521739130435,0.3939130434782609,2300.0,1669.0,906.0,,34158.483861344794,311974.33369130717,5587.0,452.0,8.24,0.41200000000000003,12.06,0.603,15.95,0.638,2.91,0.29100000000000004,17.35,0.8675,11.32,0.37733333333333335
2023,IR-E-U-0577,National Institute of Technology Durgapur,43.0,53.91,55.8939993908011,51.666666666666664,775306.1413244543,419099.57714958774,79153.57008244994,0.6806451612903226,0.23763440860215054,2790.0,1899.0,663.0,,36922.991461837,373999.80672703753,3865.0,283.0,8.16,0.40800000000000003,9.38,0.46900000000000003,13.99,0.5596,1.62,0.162,14.42,0.721,13.11,0.437
2023,IR-E-U-0584,"Indian Institute of Engineering Science and Technology, Shibpur",35.0,56.12,64.06425102726934,47.166666666666664,721009.7431355182,302317.46350364963,233590.66666666666,0.46826688364524005,0.3372660699755899,2458.0,1151.0,829.0,,49348.531512175156,414635.8228974831,3258.0,274.0,9.83,0.4915,10.72,0.536,13.52,0.5408,1.58,0.158,13.44,0.6719999999999999,12.83,0.4276666666666667
2023,IR-E-U-0613,National Institute of Technology Manipur,95.0,42.28,84.7919655667145,9.166666666666666,666176.4705882353,187028.11111111112,11443.568888888889,0.4504065040650406,0.2894308943089431,615.0,277.0,178.0,,49798.46997929607,266497.18592132506,805.0,75.0,10.14,0.507,2.9,0.145,12.94,0.5176,0.79,0.079,7.15,0.35750000000000004,10.31,0.3436666666666667
2023,IR-E-U-0619,National Institute of Technology Meghalaya,72.0,47.27,79.73568281938326,6.666666666666667,687761.8069815196,442949.68650793645,124729.06746031746,0.64,0.6533333333333333,300.0,192.0,196.0,,224109.92292870904,420679.920359666,519.0,84.0,9.37,0.46849999999999997,2.16,0.10800000000000001,13.33,0.5332,2.02,0.202,5.81,0.2905,13.38,0.446
2023,IR-E-U-0620,National Institute of Technology Goa,90.0,43.28,37.8419452887538,6.5,724455.205811138,164044.4863387978,0.0,0.4375,0.13486842105263158,608.0,266.0,82.0,,28971.77633289987,280369.0641525791,769.0,61.0,2.74,0.137,2.51,0.1255,13.34,0.5336,0.66,0.066,5.84,0.292,11.3,0.3766666666666667
2023,IR-E-U-0622,National Institute of Technology Delhi,51.0,51.41,72.95774647887323,6.333333333333333,1087122.8878648235,186239.69047619047,869.5238095238095,0.4605475040257649,0.09339774557165861,621.0,286.0,58.0,,33007.11635220126,424546.7177672956,848.0,70.0,11.01,0.5505,2.22,0.11100000000000002,16.62,0.6648000000000001,0.77,0.077,6.79,0.3395,13.72,0.45733333333333337
2023,IR-E-U-0701,Indian Institute of Technology (Banaras Hindu University) Varanasi,15.0,63.74,67.58957654723127,53.666666666666664,1622517.697753155,855251.7844748858,432538.397260274,0.5065226253567061,0.20709335507541785,4906.0,2485.0,1016.0,,47962.06605873094,483743.438690767,6141.0,365.0,9.17,0.4585,11.51,0.5755,20.27,0.8108,2.56,0.256,16.8,0.8400000000000001,14.27,0.4756666666666666
2023,IR-E-U-0747,Chandigarh University,38.0,55.2,31.488505302267978,44.833333333333336,630837.0072754914,42715.565906838456,53233.61744301288,0.3594414086217365,0.07184780408824125,9882.0,3552.0,710.0,,56614.1642896462,189025.45476154733,13322.0,1009.0,4.56,0.22799999999999998,7.94,0.397,12.56,0.5024000000000001,0.35,0.034999999999999996,18.95,0.9475,10.11,0.33699999999999997
2023,IR-E-U-0749,Manipal University Jaipur,76.0,46.39,1.337613697164259,9.666666666666666,532210.5859043306,34239.28360215054,4978.430107526882,0.2692664809656453,0.05083565459610028,4308.0,1160.0,219.0,,11610.678983969827,190018.9443069307,5656.0,496.0,0.19,0.0095,0.81,0.0405,11.38,0.45520000000000005,0.19,0.019,12.97,0.6485000000000001,8.3,0.27666666666666667
2023,IR-E-U-0844,"Indian Institute of Technology, Tirupati",59.0,49.8,61.611374407582936,0.8333333333333334,1028530.6553911205,524379.6752873564,194535.54885057473,0.6067708333333334,0.5677083333333334,384.0,233.0,218.0,,201492.51133578434,484774.0337009804,1088.0,116.0,9.7,0.485,0.38,0.019,16.45,0.6579999999999999,2.65,0.265,9.32,0.466,19.0,0.6333333333333333
2023,IR-E-U-0878,Indian Institute of Technology Palakkad,69.0,47.86,45.6221198156682,0.3333333333333333,971443.7367303609,788425.4545454546,48997.79393939394,0.4177215189873418,0.21835443037974683,632.0,264.0,138.0,,320168.1876484561,367546.03087885986,842.0,110.0,4.79,0.2395,0.15,0.0075,16.15,0.6459999999999999,2.86,0.286,7.56,0.378,17.94,0.5980000000000001
2023,IR-E-U-0899,Indian Institute Of Technology Dharwad,93.0,42.36,15.406562054208274,0.3333333333333333,946271.0843373494,712121.2121212122,34090.90909090909,0.4575645756457565,0.2915129151291513,271.0,124.0,79.0,,174351.35092467297,292603.10690121783,739.0,66.0,2.47,0.12350000000000001,0.15,0.0075,15.54,0.6215999999999999,2.63,0.263,7.0,0.35,16.59,0.553
2023,IR-E-U-0906,Indian Institute of Technology Jammu,67.0,48.15,40.283687943262414,0.5,1186390.5325443787,902581.0330033003,155113.14191419142,0.46321525885558584,0.5313351498637602,367.0,170.0,195.0,,482147.07763105247,496482.18567426974,833.0,101.0,5.35,0.26749999999999996,0.23,0.0115,17.2,0.688,3.33,0.333,8.08,0.404,19.6,0.6533333333333334
2023,IR-E-U-0946,Indian Institute of Technology Bhilai,81.0,45.86,45.28619528619529,1.3333333333333333,1470000.0,778763.0591397849,92999.62903225806,0.3398268398268398,0.18614718614718614,462.0,157.0,86.0,,2180292.7166140904,435963.8985278654,634.0,62.0,7.22,0.361,0.59,0.0295,17.39,0.6956,2.71,0.271,6.59,0.3295,19.67,0.6556666666666667
2024,IR-E-C-1269,R.V. College of Engineering,99.0,44.26,25.504950495049506,32.5,836749.9382868428,40233.487108655616,66368.99171270718,0.4444444444444444,0.08080808080808081,3564.0,1584.0,288.0,,15404.660865361371,164528.65016920475,5516.0,362.0,2.46,0.123,1.3,0.065,14.29,0.5716,0.31,0.031,14.0,0.7,11.14,0.37133333333333335
2024,IR-E-C-1297,Siddaganga Institute of Technology,100.0,43.95,50.124826629680996,6.833333333333333,682479.6891557754,100983.07207207207,20029.837837837837,0.40164520743919885,0.0611587982832618,2796.0,1123.0,171.0,,13617.897827562796,144496.07340461644,3928.0,296.0,5.73,0.28650000000000003,1.23,0.0615,12.36,0.49439999999999995,0.41,0.040999999999999995,12.42,0.621,9.49,0.31633333333333336
2024,IR-E-C-1331,M. S. Ramaiah Institute of Technology,75.0,48.33,24.933035714285715,20.833333333333332,647303.9742212675,65209.245614035084,19720.39035087719,0.5907407407407408,0.16944444444444445,2160.0,1276.0,366.0,,19673.570423025994,200333.87957348945,4783.0,380.0,1.99,0.0995,1.94,0.097,12.06,0.4824,0.3,0.03,14.4,0.72,11.44,0.3813333333333333
2024,IR-E-C-16604,Sri Sivasubramaniya Nadar College of Engineering,46.0,55.01,52.780129833474454,38.333333333333336,692664.0675763483,168788.22147651008,41109.74720357942,0.37222222222222223,0.2003968253968254,2520.0,938.0,505.0,,24542.674378040945,301013.5867988617,3631.0,298.0,7.31,0.3655,6.71,0.3355,12.57,0.5028,0.75,0.075,13.5,0.675,14.37,0.479
2024,IR-E-C-19754,SR University,98.0,44.29,64.77272727272727,4.166666666666667,393214.163485071,3714.8063063063064,1996.1655405405406,0.4716666666666667,0.14,1800.0,849.0,252.0,,24330.256602254427,110468.48808373591,4140.0,296.0,6.6,0.32999999999999996,0.6,0.03,8.63,0.3452,0.02,0.002,13.97,0.6985,9.08,0.3026666666666667
2024,IR-E-C-24004,AU College of Engineering (A),90.0,45.6,83.1839521980367,66.16666666666667,634422.346368715,261094.14498644986,328380.16395663953,0.6669535283993115,0.04432013769363167,2324.0,1550.0,103.0,,230745.27511653278,286262.06000198354,3361.0,246.0,7.77,0.38849999999999996,8.71,0.43550000000000005,11.39,0.4556,1.58,0.158,11.49,0.5745,19.43,0.6476666666666666
2024,IR-E-C-30045,"C.V. Raman Global University, Odisha",96.0,44.55,44.705882352941174,2.1666666666666665,482200.2380243975,78661.1533923304,16120.044247787611,0.38958333333333334,0.10625,2400.0,935.0,255.0,,76822.28619131801,201171.172264781,5091.0,452.0,6.11,0.3055,0.82,0.040999999999999995,10.17,0.4068,0.36,0.036,15.38,0.769,13.66,0.4553333333333333
2024,IR-E-C-36995,Sri Krishna College of Engineering and Technology,83.0,46.53,28.828109403074468,10.666666666666666,549218.3137911782,7000.374759152215,65204.989402697494,0.3341625207296849,0.047816473189607515,3618.0,1209.0,173.0,,47899.77919362216,192550.83722145983,5101.0,346.0,3.38,0.16899999999999998,0.6,0.03,10.84,0.4336,0.2,0.02,13.5,0.675,13.32,0.444
2024,IR-E-C-37013,PSG College of Technology,67.0,49.92,20.38649025069638,29.666666666666668,604811.246817065,59067.14512922465,8265.68787276342,0.5814514360885771,0.07827230870423153,4561.0,2652.0,357.0,,15664.44296197465,162735.01573271072,5996.0,503.0,1.88,0.094,3.31,0.1655,11.63,0.46520000000000006,0.26,0.026000000000000002,14.62,0.731,9.88,0.32933333333333337
2024,IR-E-C-41593,COEP Technological University,77.0,47.89,51.43586470963625,17.333333333333332,833500.1550387597,625663.8754863814,438070.8871595331,0.686247723132969,0.12659380692167577,2196.0,1507.0,278.0,,84126.18311523083,336274.2776263177,3668.0,257.0,5.29,0.2645,2.42,0.121,14.6,0.584,2.59,0.259,11.5,0.575,18.82,0.6273333333333333
2024,IR-E-C-6379,Netaji Subhas University of Technology (NSUT),57.0,51.52,7.097056251821626,24.5,1519536.8171021377,61045.25226977951,47965.33722438391,0.32328082981175565,0.042643104110641566,5206.0,1683.0,222.0,,40218.24797429449,164726.76222408493,7158.0,514.0,0.98,0.049,7.22,0.361,18.85,0.754,0.35,0.034999999999999996,15.04,0.752,12.13,0.4043333333333334
2024,IR-E-C-7252,Manipal Institute of Technology,56.0,52.12,7.82089552238806,14.166666666666666,769119.0086004691,30069.852165725046,4166.2815442561205,0.6064102564102564,0.08051282051282051,3900.0,2365.0,314.0,,17645.665477252453,190979.25858608386,8968.0,708.0,1.14,0.056999999999999995,4.79,0.2395,13.33,0.5332,0.12,0.012,15.12,0.756,10.92,0.364
2024,IR-E-I-1074,Indian Institute of Technology Delhi,2.0,86.66,46.69080667873667,160.5,1661875.6412887338,4896265.431104356,743809.849544073,0.8479566143714894,0.737361998837885,5163.0,4378.0,3807.0,,485813.7575940212,1021527.8387576342,8296.0,658.0,7.27,0.3635,17.49,0.8744999999999999,20.93,0.8371999999999999,6.56,0.6559999999999999,18.5,0.925,28.41,0.947
2024,IR-E-I-1075,Indian Institute of Technology Kanpur,4.0,82.79,57.16553287981859,107.66666666666667,1965408.530571992,3703504.5940170935,693224.7329059829,1.0627044711014177,1.1215921483097055,1834.0,1949.0,2057.0,,209059.11590179108,1217643.8564973597,6123.0,624.0,7.74,0.387,16.08,0.8039999999999999,21.84,0.8736,6.72,0.6719999999999999,18.33,0.9164999999999999,27.76,0.9253333333333333
2024,IR-E-I-1441,Saveetha Institute of Medical and Technical Sciences,53.0,52.85,34.54209065679926,17.333333333333332,389794.9720670391,,0.0,0.27058823529411763,0.10686274509803921,5100.0,1380.0,545.0,,22242.21356262959,167689.00097572876,5466.0,432.0,4.63,0.23149999999999998,2.06,0.10300000000000001,8.61,0.3444,0.2,0.02,13.18,0.659,9.64,0.32133333333333336
2024,IR-E-I-1480,Thapar Institute of Engineering and Technology (Deemed-to-be-university),29.0,60.35,10.869332189945332,48.333333333333336,1000692.3076923077,136889.81097279853,43814.0336560627,0.3626005361930295,0.08485254691689008,7460.0,2705.0,633.0,,44639.19619732785,279616.24001370335,9730.0,723.0,1.66,0.08299999999999999,9.45,0.4725,15.24,0.6096,0.58,0.057999999999999996,18.23,0.9115,14.98,0.49933333333333335
2024,IR-E-U-0013,Indian Institute of Technology Hyderabad,8.0,71.55,41.24260355029586,40.0,1949712.4542124541,2162783.3706467664,615321.8097014925,0.4434447300771208,1.0282776349614395,778.0,345.0,800.0,,226129.85706492089,991031.7948717948,2444.0,268.0,5.6,0.27999999999999997,9.01,0.4505,20.79,0.8316,5.18,0.518,12.41,0.6205,26.83,0.8943333333333333
2024,IR-E-U-0014,International Institute of Information Technology Hyderabad,47.0,54.29,17.77777777777778,8.166666666666666,2541045.2586206896,2447350.7538461536,53585.528205128205,0.5019669551534225,0.13217938630999213,1271.0,638.0,168.0,,68996.02833620524,393563.7882443041,1741.0,130.0,2.7,0.135,2.71,0.1355,25.0,1.0,4.37,0.437,9.33,0.4665,17.63,0.5876666666666667
2024,IR-E-U-0017,Jawaharlal Nehru Technological University,88.0,45.78,81.13956004327443,100.33333333333333,521397.11105848924,615066.479930192,611288.1884816753,0.7710701685613485,0.182281458251666,2551.0,1967.0,465.0,,73293.9349836392,372140.6566130792,7029.0,382.0,6.49,0.3245,2.48,0.124,10.55,0.42200000000000004,2.3,0.22999999999999998,14.5,0.725,18.62,0.6206666666666667
2024,IR-E-U-0020,Koneru Lakshmaiah Education Foundation University (K L College of Engineering),35.0,58.24,8.765596798242171,64.83333333333333,649385.6937056738,87248.34285714285,24200.911816578486,0.3920691711389386,0.0811965811965812,10062.0,3945.0,817.0,,20043.023047504026,148442.56534319647,13248.0,945.0,1.36,0.068,9.72,0.48600000000000004,12.06,0.4824,0.36,0.036,17.47,0.8734999999999999,9.75,0.325
2024,IR-E-U-0025,National Institute of Technology Warangal,21.0,61.72,47.304266291608066,45.5,1240171.0709318498,254140.65555555554,48283.50714285715,0.6640926640926641,0.18532818532818532,3626.0,2408.0,672.0,,109306.58113069016,384594.262175722,5448.0,420.0,7.08,0.354,9.5,0.475,17.84,0.7136,0.99,0.099,16.5,0.825,19.35,0.645
2024,IR-E-U-0042,University of Hyderabad,70.0,49.3,,18.666666666666668,1957911.111111111,1201818.1818181819,10733.333333333334,1.4453781512605042,0.5630252100840336,357.0,516.0,201.0,,48751.350877192985,747871.2827657379,323.0,55.0,0.0,0.0,5.94,0.29700000000000004,12.18,0.48719999999999997,2.66,0.266,4.9,0.24500000000000002,13.93,0.4643333333333333
2024,IR-E-U-0043,"Vignan's Foundation for Science, Technology and Research",91.0,45.43,47.735298633502225,28.166666666666668,517895.706763872,61401.12094395281,51155.91150442478,0.4664082687338501,0.15633074935400518,3870.0,1805.0,605.0,,10827.555473299773,104940.21518112723,6754.0,565.0,6.41,0.3205,4.52,0.22599999999999998,10.39,0.4156,0.35,0.034999999999999996,14.65,0.7325,6.63,0.221
2024,IR-E-U-0053,Indian Institute of Technology Guwahati,7.0,71.86,35.451416468096376,109.66666666666667,1789637.1094982645,3139952.992141454,362667.721021611,0.8168398031711318,1.0902132312739201,1829.0,1494.0,1994.0,,178094.73086196504,495681.55569620256,5530.0,509.0,2.84,0.142,15.71,0.7855000000000001,21.63,0.8652,5.58,0.558,18.32,0.916,20.22,0.6739999999999999
2024,IR-E-U-0055,National Institute of Technology Silchar,40.0,57.6,53.639514731369154,35.5,1003893.6567164179,472374.4649122807,55115.038011695906,0.4854027435807246,0.22687302145620822,2843.0,1380.0,645.0,,59621.62396297266,302757.47716356645,3817.0,228.0,7.53,0.3765,8.18,0.409,15.91,0.6364,1.22,0.122,14.35,0.7175,15.66,0.522
2024,IR-E-U-0064,Indian Institute of Technology Patna,34.0,58.4,37.39565943238731,37.166666666666664,1948282.2655524604,1965518.0481927712,236472.1064257028,0.4075767472240366,0.41802743305029394,1531.0,624.0,640.0,,257558.5748722861,462737.6634738187,2088.0,166.0,5.08,0.254,8.8,0.44000000000000006,20.74,0.8295999999999999,3.83,0.383,12.02,0.601,20.84,0.6946666666666667
2024,IR-E-U-0072,National Institute of Technology Patna,55.0,52.28,65.44862518089725,34.333333333333336,841347.9789103691,218163.01806239737,385694.5205254516,0.4559710494571773,0.4837153196622437,2487.0,1134.0,1203.0,,41409.87407168227,312086.3546442794,3097.0,203.0,8.25,0.4125,6.95,0.34750000000000003,14.34,0.5736,1.21,0.121,12.35,0.6174999999999999,14.54,0.48466666666666663
2024,IR-E-U-0092,National Institute of Technology Raipur,71.0,48.88,56.31325301204819,40.0,822009.0687129403,106138.82295988934,132152.6694329184,0.529275092936803,0.23698884758364314,2152.0,1139.0,510.0,,29982.732528106957,217625.63179884534,4388.0,241.0,8.56,0.42800000000000005,7.76,0.388,14.17,0.5668,0.5,0.05,13.94,0.697,12.12,0.40399999999999997
2024,IR-E-U-0098,Delhi Technological University,27.0,60.78,29.503685503685503,40.666666666666664,1254624.879658919,98913.82837528604,114513.72768878718,0.3672792240939255,0.17457886676875958,7836.0,2878.0,1368.0,,24923.046353101567,218416.59701307552,10758.0,874.0,2.86,0.143,6.81,0.34049999999999997,17.24,0.6896,0.64,0.064,19.0,0.95,12.5,0.4166666666666667
2024,IR-E-U-0099,Guru Gobind Singh Indraprastha University,89.0,45.64,7.4174336762317274,28.0,796122.0752797559,347303.15061728394,0.0,0.4013474494706448,0.22136669874879691,1039.0,417.0,230.0,,18660.32227032227,147831.82539682538,2079.0,135.0,1.18,0.059,4.25,0.2125,13.89,0.5556,0.97,0.097,11.0,0.55,11.92,0.3973333333333333
2024,IR-E-U-0105,Indraprastha Institute of Information Technology,85.0,46.32,2.331002331002331,11.0,1638348.544973545,1895991.9011494254,88580.82298850575,0.657843137254902,0.30980392156862746,1020.0,671.0,316.0,,59705.337267243645,308313.4994754786,2542.0,145.0,0.25,0.0125,4.01,0.20049999999999998,19.67,0.7868,3.16,0.316,11.7,0.585,15.69,0.523
2024,IR-E-U-0108,Jamia Millia Islamia,24.0,61.28,98.79347054648687,30.166666666666668,867871.9275549806,762647.7051282051,670801.7897435898,0.5568464730290457,0.27800829875518673,1205.0,671.0,335.0,,17256.683113406005,383316.2690763052,1743.0,130.0,10.07,0.5035000000000001,8.26,0.413,13.69,0.5476,2.92,0.292,10.5,0.525,14.99,0.49966666666666665
2024,IR-E-U-0139,Indian Institute of Technology Gandhinagar,18.0,63.42,40.123456790123456,27.333333333333332,1231294.8539638387,3277163.2373333336,314593.8666666667,0.46293706293706294,0.786013986013986,715.0,331.0,562.0,,307685.82515611063,1128452.521260779,1121.0,125.0,4.52,0.22599999999999998,7.66,0.383,17.47,0.6988,5.69,0.5690000000000001,11.5,0.575,27.09,0.903
2024,IR-E-U-0149,Sardar Vallabhbhai National Institute of Technology,59.0,51.04,43.45114345114345,29.833333333333332,783389.4628099174,150251.73776223775,366539.30652680655,0.6738558653340347,0.3408732246186218,1901.0,1281.0,648.0,,52126.59291593914,347894.1604722707,4009.0,286.0,4.43,0.22149999999999997,6.88,0.344,13.66,0.5464,1.05,0.10500000000000001,12.96,0.648,14.91,0.497
2024,IR-E-U-0172,National Institute of Technology Kurukshetra,81.0,46.79,57.86006360745116,25.0,985415.6458797328,165572.15555555554,281951.13333333336,0.4822657490735839,0.11090524086818422,3778.0,1822.0,419.0,,49230.21254423909,268506.613841919,5086.0,255.0,7.24,0.362,4.88,0.244,15.55,0.622,0.82,0.08199999999999999,14.63,0.7315,14.78,0.49266666666666664
2024,IR-E-U-0184,Indian Institute of Technology Mandi,31.0,59.86,67.27726894254788,31.166666666666668,1346377.8877887789,634624.3553299493,38594.97461928934,0.5629685157421289,0.37181409295352325,1334.0,751.0,496.0,,120236.80128205128,650482.1134992458,1768.0,197.0,8.36,0.418,7.85,0.39249999999999996,21.37,0.8548,2.11,0.211,9.79,0.48949999999999994,21.07,0.7023333333333334
2024,IR-E-U-0190,Shoolini University of Biotechnology and Management Sciences,92.0,45.4,3.057757644394111,8.833333333333334,382233.28149300156,51232.5,6994.269607843137,0.5287128712871287,0.201980198019802,505.0,267.0,102.0,,7210.4519774011305,69589.2436440678,944.0,68.0,0.35,0.017499999999999998,3.36,0.16799999999999998,8.44,0.33759999999999996,0.18,0.018,9.04,0.45199999999999996,5.01,0.16699999999999998
2024,IR-E-U-0197,National Institute of Technology Srinagar,79.0,47.76,68.13880126182966,26.666666666666668,805004.948045522,313199.4816384181,103639.23446327684,0.5662068965517242,0.2537931034482759,1450.0,821.0,368.0,,87751.22922034546,342773.44011833187,3493.0,236.0,10.64,0.532,7.22,0.361,14.02,0.5608,1.07,0.10700000000000001,12.79,0.6395,17.34,0.578
2024,IR-E-U-0202,Birla Institute of Technology,48.0,54.18,14.303482587064677,22.333333333333332,897075.0506167589,279525.09559748427,57366.961006289304,0.6102564102564103,0.2423076923076923,1560.0,952.0,378.0,,58931.11015219005,302245.3350037119,3592.0,265.0,1.41,0.0705,5.43,0.27149999999999996,14.88,0.5952000000000001,1.04,0.10400000000000001,13.49,0.6745,15.49,0.5163333333333333
2024,IR-E-U-0205,Indian Institute of Technology (Indian School of Mines) Dhanbad,15.0,64.83,51.755651755651755,134.33333333333334,1257090.8262454434,664032.5700483092,95407.57165861512,0.6621417797888386,0.27702362996480645,3978.0,2634.0,1102.0,,121280.34887415387,522198.3617903025,4826.0,414.0,7.78,0.389,14.18,0.709,17.86,0.7143999999999999,1.93,0.193,15.43,0.7715,19.02,0.634
2024,IR-E-U-0217,Christ University,93.0,45.02,25.718073353954928,3.1666666666666665,472113.53711790394,13188.342059336825,4892.705061082024,0.2193486590038314,0.06609195402298851,2088.0,458.0,138.0,,54336.890942181155,164916.7405851883,2381.0,191.0,3.16,0.158,0.82,0.040999999999999995,9.84,0.3936,0.06,0.006,8.26,0.413,10.61,0.35366666666666663
2024,IR-E-U-0221,International Institute of Information Technology Bangalore,74.0,48.61,,4.333333333333333,2166952.23880597,11919631.163522013,146451.05660377358,0.9685185185185186,0.16666666666666666,540.0,523.0,90.0,,116614.98910891089,1529776.9287128714,1010.0,53.0,0.0,0.0,1.3,0.065,22.68,0.9072,7.77,0.7769999999999999,8.43,0.4215,26.85,0.895
2024,IR-E-U-0223,"Jain University, Bangalore",95.0,44.61,27.35562310030395,11.166666666666666,574025.0347705146,81299.20349278665,80073.79878511769,0.4188612099644128,0.08291814946619216,2810.0,1177.0,233.0,,24462.32672013508,145052.50007035318,4738.0,439.0,2.04,0.10200000000000001,4.06,0.20299999999999999,10.96,0.4384,0.54,0.054000000000000006,13.23,0.6615,8.85,0.295
2024,IR-E-U-0237,"National Institute of Technology Karnataka, Surathkal",17.0,64.27,61.268143621084796,64.0,1154613.0653266332,1236080.0133333334,568525.2666666667,0.8377992140050018,0.4001429081814934,2799.0,2345.0,1120.0,,264049.380034816,461445.5155171378,5553.0,300.0,9.34,0.46699999999999997,11.7,0.585,17.18,0.6872,2.93,0.29300000000000004,17.5,0.875,24.14,0.8046666666666666
2024,IR-E-U-0249,Visvesvaraya Technological University,69.0,49.8,16.159695817490494,59.166666666666664,430705.6074766355,319838.12949640286,33691.23021582734,1.317230273752013,0.394524959742351,621.0,818.0,245.0,,181214.29526399277,405783.9814185361,1471.0,139.0,1.29,0.0645,2.71,0.1355,9.25,0.37,0.94,0.094,7.27,0.3635,22.58,0.7526666666666666
2024,IR-E-U-0255,Indian Institute of Space Science and Technology,51.0,53.13,60.806451612903224,12.166666666666666,1027099.7221324717,215846.46,76394.75,0.7688751926040062,0.5053929121725732,649.0,499.0,328.0,,,830739.5945945946,851.0,100.0,4.63,0.23149999999999998,3.72,0.186,15.87,0.6347999999999999,0.92,0.092,8.95,0.44749999999999995,22.43,0.7476666666666667
2024,IR-E-U-0263,National Institute of Technology Calicut,25.0,61.19,73.06233062330624,45.833333333333336,1055085.6253243384,291736.7354892206,25520.722222222223,0.5573667711598747,0.2394984326018809,3190.0,1778.0,764.0,,64802.289874158625,434530.57835820894,4556.0,402.0,9.9,0.495,10.62,0.5309999999999999,15.84,0.6335999999999999,1.09,0.10900000000000001,16.0,0.8,17.92,0.5973333333333334
2024,IR-E-U-0273,Indian Institute of Technology Indore,16.0,64.72,42.44229337304542,41.666666666666664,1477092.8338762214,1319004.5784313725,163007.66013071896,0.5543393275996873,0.4769351055512119,1279.0,709.0,610.0,,173829.71570344426,622611.5251994551,1713.0,204.0,6.46,0.323,9.96,0.49800000000000005,20.22,0.8088,3.56,0.356,10.73,0.5365,21.05,0.7016666666666667
2024,IR-E-U-0284,Maulana Azad National Institute of Technology,72.0,48.86,65.34802203304957,32.166666666666664,1110770.8553326293,176172.55699855697,315774.0303030303,1.0184983677910773,0.4396082698585419,919.0,936.0,404.0,,42853.010507632236,234084.24714235,4695.0,231.0,9.89,0.49450000000000005,5.34,0.267,16.0,0.64,0.81,0.081,15.01,0.7505,12.84,0.428
2024,IR-E-U-0297,Defence Institute of Advanced Technology,63.0,50.37,,12.666666666666666,1900352.1126760563,3033603.5114155253,2145028.1506849313,0.8027027027027027,0.44594594594594594,370.0,297.0,165.0,,410102.9541511772,607790.2379182156,538.0,73.0,0.0,0.0,2.42,0.121,20.67,0.8268000000000001,7.09,0.709,4.86,0.24300000000000002,21.08,0.7026666666666667
2024,IR-E-U-0306,Indian Institute of Technology Bombay,3.0,83.09,40.18111688747275,187.83333333333334,1577070.3383570367,5099003.548138057,974218.1634877385,0.8677311255667258,0.7859254878769959,5073.0,4402.0,3987.0,,,890457.5603094596,8531.0,734.0,4.53,0.2265,18.87,0.9435,19.99,0.7996,7.06,0.706,18.5,0.925,25.36,0.8453333333333333
2024,IR-E-U-0308,Institute of Chemical Technology,41.0,56.93,34.21610169491525,37.666666666666664,645398.343373494,1809671.4007490636,264423.96816479403,0.9910485933503836,0.39514066496163686,782.0,775.0,309.0,,138204.82467217094,433662.512060871,2059.0,178.0,3.4,0.16999999999999998,9.04,0.45199999999999996,13.06,0.5224,4.31,0.43099999999999994,10.37,0.5185,19.9,0.6633333333333333
2024,IR-E-U-0334,Visvesvaraya National Institute of Technology Nagpur,39.0,57.89,22.641509433962263,30.833333333333332,978267.1277997365,523752.69863013696,622638.6347031964,0.538971807628524,0.14759535655058043,3015.0,1625.0,445.0,,100818.65333333334,354803.5543099788,3925.0,292.0,3.45,0.17250000000000001,7.79,0.3895,15.62,0.6248,2.39,0.23900000000000002,13.94,0.697,17.07,0.5690000000000001
2024,IR-E-U-0355,Indian Institute of Technology Bhubaneswar,54.0,52.54,43.722707423580786,21.666666666666668,1354863.3791430881,652689.5187265917,295726.7715355805,0.5662368112543963,0.23388042203985931,1706.0,966.0,399.0,,111914.22823779193,457105.66029723996,2198.0,178.0,6.62,0.331,6.64,0.33199999999999996,18.56,0.7424,2.27,0.227,11.15,0.5575,18.84,0.628
2024,IR-E-U-0356,Kalinga Institute of Industrial Technology,37.0,58.0,2.3070860500107475,55.666666666666664,619600.0521104742,93928.44934333958,120999.37742338961,0.3666926525043851,0.12346521145975443,10262.0,3763.0,1267.0,,50026.94227017371,268206.54434337025,14181.0,1066.0,0.33,0.0165,11.82,0.591,11.63,0.46520000000000006,0.64,0.064,20.0,1.0,14.67,0.489
2024,IR-E-U-0357,National Institute of Technology Rourkela,19.0,63.38,59.27710843373494,54.0,1000928.3374283374,490110.096692112,321963.5496183206,2.1010332950631456,1.060849598163031,871.0,1830.0,924.0,,,410368.04100018385,5439.0,393.0,9.25,0.4625,11.63,0.5815,15.17,0.6068,2.01,0.20099999999999998,17.5,0.875,17.73,0.591
2024,IR-E-U-0363,Siksha `O` Anusandhan,26.0,60.97,8.752264492753623,42.0,492424.73467619665,121024.46483180427,211314.9847094801,0.49019607843137253,0.19975490196078433,4080.0,2000.0,815.0,,94012.70001116446,313106.5954746753,8957.0,654.0,1.4,0.06999999999999999,9.91,0.4955,9.88,0.39520000000000005,0.89,0.089,17.5,0.875,17.62,0.5873333333333334
2024,IR-E-U-0373,Chitkara University,94.0,44.82,6.498054474708171,15.833333333333334,647506.456241033,9398.699478001492,0.0,0.4166666666666667,0.09155328798185941,3528.0,1470.0,323.0,,19088.154545063084,180964.7988201352,7741.0,447.0,1.04,0.052000000000000005,3.2,0.16,12.02,0.4808,0.03,0.003,15.47,0.7735000000000001,11.82,0.394
2024,IR-E-U-0374,Dr. B R Ambedkar National Institute of Technology Jalandhar,58.0,51.11,48.13773717498243,23.0,778667.107875579,53816.07913669065,25342.620303756994,0.4299797775530839,0.13043478260869565,3956.0,1701.0,516.0,,27821.450110233982,234552.7987340872,4687.0,417.0,7.37,0.3685,6.57,0.3285,13.66,0.5464,0.27,0.027000000000000003,14.1,0.705,12.1,0.4033333333333333
2024,IR-E-U-0378,Indian Institute of Technology Ropar,22.0,61.56,53.125,24.666666666666668,1502057.5048732944,1918838.5195530725,274709.573556797,1.7067039106145252,2.4329608938547485,358.0,611.0,871.0,,182682.76155332982,696278.1581444386,1897.0,179.0,8.1,0.40499999999999997,6.85,0.34249999999999997,19.5,0.78,4.11,0.41100000000000003,12.41,0.6205,21.72,0.724
2024,IR-E-U-0379,Lovely Professional University,50.0,54.16,19.00655205241642,42.5,586695.7655722614,15976.944444444443,18000.779900920028,1.8467005076142131,0.21294416243654823,3940.0,7276.0,839.0,,5316.421174396827,99501.17559031986,18154.0,942.0,2.9,0.145,4.75,0.2375,11.47,0.45880000000000004,0.08,0.008,18.0,0.9,7.41,0.247
2024,IR-E-U-0384,Sant Longowal Institute of Engineering and Technology,76.0,48.22,18.23587710604559,13.5,385772.47191011236,25503.327450980392,2580.0901960784313,0.37393422655298414,0.1705237515225335,821.0,307.0,140.0,,42728.27580211791,402190.96902165323,2109.0,170.0,2.02,0.101,3.09,0.1545,8.57,0.3428,0.1,0.01,10.0,0.5,23.0,0.7666666666666667
2024,IR-E-U-0389,Banasthali Vidyapith,78.0,47.86,38.306451612903224,27.666666666666668,731971.3861018209,138292.2632183908,78101.88505747127,0.5,0.13064516129032258,1860.0,930.0,243.0,,41662.571067939854,243574.50554275053,3037.0,290.0,4.39,0.21949999999999997,7.82,0.391,12.93,0.5172,0.65,0.065,10.68,0.534,11.54,0.38466666666666666
2024,IR-E-U-0391,"Birla Institute of Technology and Science, Pilani",20.0,63.04,0.07159477358152855,37.0,1635361.8906942392,272472.6060606061,28218.56639928699,0.6271066169948554,0.12542132339897108,5637.0,3535.0,707.0,,47334.6808988764,330379.9472177635,12460.0,748.0,0.01,0.0005,7.51,0.3755,19.62,0.7848,0.81,0.081,17.87,0.8935000000000001,16.26,0.542
2024,IR-E-U-0395,Indian Institute of Technology Jodhpur,28.0,60.61,44.4316877152698,10.833333333333334,1322352.389878163,1564126.87394958,356460.987394958,0.4598301763553233,0.47942521227955587,1531.0,704.0,734.0,,322573.39185867895,810356.8509984639,2170.0,238.0,6.17,0.3085,3.56,0.178,18.27,0.7308,4.17,0.417,12.53,0.6265,26.13,0.871
2024,IR-E-U-0410,Malaviya National Institute of Technology,43.0,56.35,48.759305210918114,44.0,935451.7338331771,373838.07821901323,437474.5174488568,0.5801123224314503,0.2738685166831847,3027.0,1756.0,829.0,,40525.92509646033,324442.46242241235,3974.0,277.0,7.55,0.3775,8.23,0.41150000000000003,14.89,0.5956,1.7,0.16999999999999998,14.97,0.7485,14.59,0.48633333333333334
2024,IR-E-U-0436,Amrita Vishwa Vidyapeetham,23.0,61.29,33.068376840393825,21.166666666666668,552815.5791404612,623086.9411003237,107959.36731391585,0.5852272727272727,0.17367424242424243,5280.0,3090.0,917.0,,80914.85134606791,234327.1687611707,11936.0,1030.0,5.0,0.25,3.09,0.1545,10.72,0.4288,2.13,0.213,16.22,0.8109999999999999,14.65,0.48833333333333334
2024,IR-E-U-0439,Anna University,14.0,65.34,41.20186697782964,120.16666666666667,602704.5589105979,461560.7399103139,310113.3011958147,0.6303643724696356,0.301417004048583,4940.0,3114.0,1489.0,,42337.21149842165,300741.3146954127,9926.0,892.0,3.43,0.1715,13.43,0.6715,11.74,0.4696,1.97,0.197,15.94,0.7969999999999999,12.99,0.433
2024,IR-E-U-0456,Indian Institute of Technology Madras,1.0,89.46,61.35669179058871,119.5,1565568.599412341,7393780.443620178,3250245.8753709197,0.4740082079343365,0.5868673050615595,4386.0,2079.0,2574.0,,689449.207703166,1909660.9993446257,6612.0,674.0,9.4,0.47000000000000003,16.98,0.849,19.34,0.7736,9.78,0.978,18.5,0.925,30.0,1.0
2024,IR-E-U-0458,Kalasalingam Academy of Research and Education,36.0,58.2,45.19960409105906,42.166666666666664,575250.0637267397,31224.85421245421,177687.72600732598,0.5014492753623189,0.1858695652173913,2760.0,1384.0,513.0,,41600.40928404504,223140.2927023582,6276.0,455.0,7.09,0.3545,9.22,0.461,11.07,0.4428,0.53,0.053000000000000005,16.48,0.8240000000000001,13.62,0.45399999999999996
2024,IR-E-U-0467,National Institute of Technology Tiruchirappalli,9.0,66.88,52.20724907063197,70.66666666666667,1226731.3713212274,556823.3846994536,181314.4568306011,1.1680497925311204,0.991701244813278,964.0,1126.0,956.0,,102815.39561387297,442384.530339432,5411.0,305.0,8.22,0.41100000000000003,11.35,0.5675,17.34,0.6936,1.55,0.155,17.5,0.875,19.87,0.6623333333333333
2024,IR-E-U-0473,S.R.M. Institute of Science and Technology,13.0,65.41,7.158040436996392,89.16666666666667,487983.4931965202,58985.82599959815,15612.680530440024,0.4290760869565217,0.12880434782608696,11040.0,4737.0,1422.0,,38183.76643574155,,21219.0,1659.0,1.1,0.05500000000000001,10.29,0.5145,10.03,0.4012,0.26,0.026000000000000002,18.04,0.9019999999999999,13.16,0.43866666666666665
2024,IR-E-U-0474,Sathyabama Institute of Science and Technology,66.0,50.05,3.336160588068985,58.0,424598.5230214649,95981.89199255122,27463.8600248293,0.44450354609929077,0.10319148936170212,5640.0,2507.0,582.0,,44679.975552291784,126541.70635212044,10894.0,1074.0,0.52,0.026000000000000002,6.17,0.3085,9.15,0.366,0.56,0.05600000000000001,16.53,0.8265,10.06,0.33533333333333337
2024,IR-E-U-0476,Shanmugha Arts Science Technology and Research Academy,38.0,57.97,30.918905347727843,43.333333333333336,689748.7615003538,482618.15952732647,357805.80649926147,0.9402610441767069,0.13278112449799198,3984.0,3746.0,529.0,,141426.57137175358,165825.97144334408,8381.0,677.0,4.74,0.23700000000000002,9.67,0.4835,12.57,0.5028,2.31,0.231,16.32,0.8160000000000001,14.15,0.4716666666666667
2024,IR-E-U-0489,Vel Tech Rangarajan Dr. Sagunthala R & D Institute of Science and Technology,86.0,46.23,41.94286960313999,21.166666666666668,386071.0946316299,55683.28841245534,9613.726901480348,0.5322510822510822,0.10216450216450217,4620.0,2459.0,472.0,,4194.9169423398425,73721.86945541209,9371.0,653.0,6.69,0.3345,1.03,0.051500000000000004,8.53,0.34119999999999995,0.22,0.022,15.13,0.7565000000000001,5.47,0.18233333333333332
2024,IR-E-U-0490,Vellore Institute of Technology,11.0,66.22,0.7179806088701699,98.66666666666667,766757.8514186702,52295.32898739679,7061.984463276835,0.8648022598870057,0.16598870056497175,17700.0,15307.0,2938.0,,17171.54323040563,122321.61478710055,43299.0,3068.0,0.11,0.0055,12.31,0.6155,13.37,0.5347999999999999,0.2,0.02,20.0,1.0,9.49,0.31633333333333336
2024,IR-E-U-0493,National Institute of Technology Agartala,82.0,46.69,64.02938683243855,23.333333333333332,711185.3088480801,56322.56156156156,33154.42792792793,0.5409115870400879,0.1900054914881933,1821.0,985.0,346.0,,27492.814854111406,687022.8572944297,3770.0,222.0,8.25,0.4125,5.43,0.27149999999999996,12.71,0.5084000000000001,0.21,0.020999999999999998,12.59,0.6295,19.96,0.6653333333333333
2024,IR-E-U-0496,Aligarh Muslim University,33.0,59.16,32.751091703056765,20.166666666666668,558471.9783929777,569808.533045977,112805.7988505747,0.7154929577464789,0.18732394366197183,1420.0,1016.0,266.0,,11559.721239544768,408859.91978609626,2431.0,232.0,3.45,0.17250000000000001,6.24,0.312,11.09,0.4436,2.03,0.20299999999999999,11.0,0.55,16.79,0.5596666666666666
2024,IR-E-U-0497,Amity University,30.0,59.91,1.773879142300195,65.83333333333333,466159.59713344957,187454.81588715664,4505.156644394951,1.057799671592775,0.32610837438423645,3045.0,3221.0,993.0,,7031.638197123816,302971.0493978721,5702.0,449.0,0.28,0.014000000000000002,6.67,0.3335,9.95,0.39799999999999996,0.65,0.065,16.47,0.8234999999999999,12.83,0.4276666666666667
2024,IR-E-U-0516,Indian Institute of Information Technology Allahabad,87.0,45.84,21.807580174927114,16.5,2275283.661119516,428168.72427983535,78192.71604938271,0.4784656796769852,0.1702557200538358,1486.0,711.0,253.0,,24293.724531377342,195758.1052974735,2045.0,81.0,3.41,0.1705,5.47,0.27349999999999997,23.63,0.9451999999999999,0.81,0.081,10.54,0.5269999999999999,11.64,0.388
2024,IR-E-U-0530,Motilal Nehru National Institute of Technology,60.0,50.65,53.01094890510949,36.0,1229543.6105476674,331771.9130952381,438229.5642857143,0.7076923076923077,0.29759615384615384,2080.0,1472.0,619.0,,69609.86380751804,341617.4154062161,5223.0,280.0,8.41,0.4205,7.94,0.397,17.22,0.6888,1.4,0.13999999999999999,16.01,0.8005000000000001,16.74,0.5579999999999999
2024,IR-E-U-0535,Rajiv Gandhi Institute of Petroleum Technology,80.0,47.43,22.24622030237581,7.5,750782.9977628635,492201.1440677966,76759.50847457627,0.40641711229946526,0.32620320855614976,561.0,228.0,183.0,,187710.7185261003,414610.8242920505,977.0,118.0,2.67,0.1335,2.93,0.14650000000000002,13.69,0.5476,1.95,0.195,8.0,0.4,22.26,0.7420000000000001
2024,IR-E-U-0555,Graphic Era University,52.0,52.96,2.782685512367491,15.5,594642.6907980811,23195.085655314757,223757.26418988645,0.535042735042735,0.11282051282051282,2340.0,1252.0,264.0,,55494.76203924976,186936.17626185823,4603.0,323.0,0.44,0.022,3.09,0.1545,11.31,0.4524,0.59,0.059,12.7,0.635,13.33,0.44433333333333336
2024,IR-E-U-0560,Indian Institute of Technology Roorkee,6.0,76.0,36.70973696354407,83.66666666666667,1641545.2158693115,1497289.893884892,1092579.6516786572,1.4547657512116317,2.232633279483037,1238.0,1801.0,2764.0,,188418.22614075794,664412.7064191801,6465.0,556.0,5.84,0.292,14.44,0.722,20.17,0.8068000000000001,4.25,0.425,17.66,0.883,21.67,0.7223333333333334
2024,IR-E-U-0564,UPES,42.0,56.65,0.47303689687795647,12.833333333333334,519120.41657626384,41156.669286182056,27027.343156516043,0.3934379457917261,0.10385164051355207,3505.0,1379.0,364.0,,19190.25441675442,359437.1464841465,5698.0,509.0,0.08,0.004,0.6,0.03,10.64,0.42560000000000003,0.28,0.028000000000000004,15.5,0.775,15.98,0.5326666666666667
2024,IR-E-U-0573,Indian Institute of Technology Kharagpur,5.0,76.88,50.23833416959358,178.16666666666666,1481113.2117437723,1687584.6796296297,302256.00333333336,0.46961543509646936,0.4824780154875968,7619.0,3578.0,3676.0,,102421.79648900552,781722.422525865,11051.0,900.0,4.02,0.20099999999999998,20.0,1.0,20.87,0.8348,3.75,0.375,19.76,0.9880000000000001,22.17,0.7390000000000001
2024,IR-E-U-0575,Jadavpur University,12.0,65.62,56.55227774433072,61.5,973655.7135850907,702314.1807055436,401444.82217422605,0.7347826086956522,0.45956521739130435,2300.0,1690.0,1057.0,,27399.910941475824,334742.44563960214,5764.0,463.0,5.29,0.2645,12.46,0.623,15.2,0.608,2.66,0.266,18.5,0.925,14.6,0.48666666666666664
2024,IR-E-U-0577,National Institute of Technology Durgapur,44.0,56.26,67.09829311359623,38.833333333333336,948313.3591822347,548472.8395061728,91069.99629629629,0.6966329966329966,0.23063973063973064,2970.0,2069.0,685.0,,48845.81471861472,385278.2876190476,3850.0,270.0,9.8,0.49000000000000005,9.45,0.4725,14.89,0.5956,1.59,0.159,14.09,0.7045,16.56,0.5519999999999999
2024,IR-E-U-0584,"Indian Institute of Engineering Science and Technology, Shibpur",49.0,54.17,61.45481814773154,46.333333333333336,764396.4421855146,187929.09976525823,237800.09507042254,0.4894595630509774,0.318512840168647,2609.0,1277.0,831.0,,55602.052413019075,488974.5496071829,2970.0,284.0,7.18,0.359,10.69,0.5345,13.21,0.5284,1.07,0.10700000000000001,12.26,0.613,16.14,0.538
2024,IR-E-U-0619,National Institute of Technology Meghalaya,68.0,49.82,71.11111111111111,10.333333333333334,853018.3299389002,453971.6151202749,124614.6151202749,0.6501650165016502,0.8250825082508251,303.0,197.0,250.0,,302362.1073025335,358022.56780923996,671.0,97.0,11.14,0.557,3.36,0.16799999999999998,14.13,0.5652,2.15,0.215,6.64,0.33199999999999996,17.79,0.593
2024,IR-E-U-0621,National Institute of Technology Puducherry,97.0,44.38,85.62564632885211,7.166666666666667,790930.6803594352,152811.82478632478,37660.679487179485,0.37748344370860926,0.24503311258278146,755.0,285.0,185.0,,147407.18178796943,209942.65171153206,1003.0,78.0,11.75,0.5875,2.12,0.10600000000000001,13.32,0.5328,0.59,0.059,8.97,0.4485,14.47,0.48233333333333334
2024,IR-E-U-0622,National Institute of Technology Delhi,45.0,55.67,77.30870712401055,7.833333333333333,1288713.8103161398,253611.81960784315,25869.137254901958,0.6236263736263736,0.28296703296703296,364.0,227.0,103.0,,119078.12195121951,434831.9153732447,902.0,85.0,11.86,0.593,2.76,0.13799999999999998,17.27,0.6908,0.96,0.096,7.96,0.398,19.64,0.6546666666666667
2024,IR-E-U-0701,Indian Institute of Technology (Banaras Hindu University) Varanasi,10.0,66.69,67.95955577656224,66.66666666666667,1760134.3242499311,795342.5249343832,494222.6500437445,0.4796916133884919,0.19650244452801804,5318.0,2551.0,1045.0,,58801.313522570475,468683.1614922137,6764.0,381.0,9.23,0.4615,12.9,0.645,20.43,0.8172,2.19,0.219,16.28,0.8140000000000001,18.06,0.602
2024,IR-E-U-0739,Madan Mohan Malaviya University of Technology,84.0,46.39,73.0,14.0,581486.6675307842,181072.3042876902,80511.26417704011,0.5336617405582923,0.10591133004926108,2436.0,1300.0,258.0,,41294.22802679032,163392.8007212777,3235.0,241.0,10.28,0.514,3.86,0.193,11.42,0.4568,0.8,0.08,13.22,0.661,10.63,0.35433333333333333
2024,IR-E-U-0747,Chandigarh University,32.0,59.82,15.006548031738696,45.166666666666664,733888.3521202361,45283.358606557376,54906.16803278688,0.3631071858691289,0.0623243677238057,9964.0,3618.0,621.0,,61774.004041756554,155651.2234372288,13443.0,976.0,1.95,0.0975,9.65,0.48250000000000004,12.91,0.5164,0.32,0.032,17.95,0.8975,11.92,0.3973333333333333
2024,IR-E-U-0749,"Manipal University, Jaipur",64.0,50.24,0.607945709034356,11.333333333333334,582811.2118713933,99965.01748448957,4324.9853355893965,0.25407230830353594,0.0631704410011919,5034.0,1279.0,318.0,,13163.383021609714,144857.24028500446,7111.0,591.0,0.09,0.0045,1.16,0.057999999999999996,11.24,0.4496,0.4,0.04,14.67,0.7335,10.01,0.33366666666666667
2024,IR-E-U-0844,Indian Institute of Technology Tirupati,61.0,50.58,59.50704225352113,1.3333333333333333,1257021.484375,664383.3445378151,257917.66106442577,0.9408866995073891,0.7339901477832512,203.0,191.0,149.0,,299915.1609421001,588683.6424599279,1019.0,119.0,7.56,0.378,0.6,0.03,17.01,0.6804000000000001,2.6,0.26,8.32,0.41600000000000004,23.35,0.7783333333333334
2024,IR-E-U-0878,Indian Institute of Technology Palakkad,64.0,50.24,51.95618153364632,2.5,1105804.7945205478,801593.532808399,142809.68241469818,0.48992248062015503,0.2434108527131783,645.0,316.0,157.0,,311955.927607362,459638.9079754601,815.0,127.0,5.63,0.2815,1.1,0.05500000000000001,16.55,0.662,2.99,0.29900000000000004,7.17,0.3585,21.19,0.7063333333333334
2024,IR-E-U-0906,Indian Institute of Technology Jammu,62.0,50.53,26.275510204081634,3.3333333333333335,1457638.036809816,949014.16954023,243782.5574712644,0.5327510917030568,0.5349344978165939,458.0,244.0,245.0,,1175567.8374419434,602808.1639871383,933.0,116.0,3.51,0.1755,1.43,0.0715,17.86,0.7143999999999999,3.29,0.329,7.98,0.399,23.66,0.7886666666666666
2024,IR-E-U-0946,Indian Institute of Technology Bhilai,73.0,48.8,47.392638036809814,1.6666666666666667,1270609.756097561,2263138.075117371,530595.3755868544,0.3275862068965517,0.20689655172413793,522.0,171.0,108.0,,5149950.960840496,448486.27125119383,698.0,71.0,7.42,0.371,0.67,0.0335,17.43,0.6972,5.54,0.554,6.36,0.318,22.94,0.7646666666666667
2025,IR-E-C-1331,M. S. Ramaiah Institute of Technology,75.0,49.26,29.933527212297466,22.333333333333332,711196.7938087342,73229.93802345058,23528.23701842546,0.48205128205128206,0.15256410256410258,2340.0,1128.0,357.0,,25039.10138888889,215813.68015873016,5040.0,398.0,2.39,0.11950000000000001,1.96,0.098,12.56,0.5024000000000001,0.59,0.059,14.5,0.725,11.43,0.381
2025,IR-E-C-16604,Sri Sivasubramaniya Nadar College of Engineering,47.0,56.08,59.543683917640514,36.333333333333336,795480.6669031571,162122.6598039216,52417.98333333333,0.5435897435897435,0.3076923076923077,1560.0,848.0,480.0,,31426.903557803213,314324.55318960163,3757.0,340.0,8.04,0.40199999999999997,5.98,0.29900000000000004,13.39,0.5356000000000001,1.41,0.141,12.5,0.625,14.5,0.48333333333333334
2025,IR-E-C-24004,AU College of Engineering (A),88.0,47.37,95.92696629213484,74.33333333333333,641988.4020618557,55758.68320610687,342718.11832061067,0.9811320754716981,0.13018867924528302,1060.0,1040.0,138.0,,276010.8137441762,397412.4450444727,3148.0,262.0,11.46,0.5730000000000001,9.08,0.454,11.49,0.4596,1.73,0.173,11.5,0.575,19.84,0.6613333333333333
2025,IR-E-C-37013,PSG College of Technology,67.0,50.64,21.757463315904875,27.666666666666668,673059.0652953839,112362.27136752137,12352.651709401709,0.5435294117647059,0.07401069518716577,4675.0,2541.0,346.0,,19393.453145057767,155707.07440094138,6232.0,468.0,2.07,0.1035,2.71,0.1355,12.17,0.4868,0.7,0.06999999999999999,15.19,0.7595,9.43,0.3143333333333333
2025,IR-E-C-6379,Netaji Subhas University of Technology (NSUT),70.0,50.43,29.94459833795014,25.833333333333332,1627670.1323251417,16657.017274472168,50638.962252079335,0.3663450143897071,0.05011003893685458,5907.0,2164.0,296.0,,51135.17364630568,199663.50275629057,7498.0,521.0,3.34,0.16699999999999998,6.73,0.3365,19.26,0.7704000000000001,0.41,0.040999999999999995,15.48,0.774,12.09,0.40299999999999997
2025,IR-E-C-7252,Manipal Institute of Technology,59.0,52.55,5.008509603695599,17.666666666666668,830848.6619032153,46583.44308390022,4891.531972789116,0.5752314814814815,0.10925925925925926,4320.0,2485.0,472.0,,29755.3343571742,204085.81077226854,9116.0,735.0,0.7,0.034999999999999996,5.13,0.2565,13.75,0.55,0.28,0.028000000000000004,15.89,0.7945,10.76,0.35866666666666663
2025,IR-E-I-1074,Indian Institute of Technology Delhi,2.0,85.74,46.14754098360656,187.66666666666666,1710042.871587462,5279804.476120139,771117.8257016249,0.8334569732937686,0.6327893175074184,5392.0,4494.0,3412.0,,595243.3240539365,1398115.6535208547,6897.0,677.0,7.25,0.3625,17.89,0.8945000000000001,20.91,0.8364,9.01,0.901,16.45,0.8225,27.72,0.9239999999999999
2025,IR-E-I-1075,Indian Institute of Technology Kanpur,4.0,81.82,52.692960135708226,111.66666666666667,1932764.7581003108,3783643.7535981582,1264790.3281519862,1.0177819372952737,0.9878334113242864,2137.0,2175.0,2111.0,,215657.6958955224,1277380.3741708125,6432.0,579.0,7.21,0.3605,15.3,0.765,21.62,0.8648,8.85,0.885,18.18,0.909,26.55,0.885
2025,IR-E-I-1441,Saveetha Institute of Medical and Technical Sciences,45.0,56.55,26.580027359781123,32.666666666666664,428717.98984228814,83332.27267847558,52400.16264090177,0.4205607476635514,0.20093457943925233,3210.0,1350.0,645.0,,24059.49441974017,146949.06077251723,7646.0,621.0,4.12,0.20600000000000002,3.09,0.1545,9.04,0.3616,0.79,0.079,16.02,0.8009999999999999,9.76,0.3253333333333333
2025,IR-E-I-1480,Thapar Institute of Engineering and Technology (Deemed-to-be-university),29.0,60.97,12.639920752847944,52.833333333333336,1057462.0328849028,137488.82808937528,48046.53579571363,0.31968810916179335,0.06432748538011696,7695.0,2460.0,495.0,,55201.50693119674,316811.18679257284,10484.0,731.0,1.96,0.098,9.39,0.46950000000000003,15.55,0.622,1.01,0.101,18.0,0.9,15.31,0.5103333333333333
2025,IR-E-U-0013,Indian Institute of Technology Hyderabad,7.0,72.31,31.3585291113381,43.5,2035349.5440729484,2728612.41607565,715050.8676122931,0.48665955176093917,0.9348986125933831,937.0,456.0,876.0,,228359.20298083746,1020851.0841022001,2818.0,282.0,4.59,0.22949999999999998,8.69,0.4345,21.27,0.8508,7.68,0.768,12.49,0.6245,25.71,0.857
2025,IR-E-U-0014,International Institute of Information Technology Hyderabad,38.0,58.45,17.97752808988764,13.166666666666666,2711349.7536945813,2865236.510638298,78499.43498817968,0.5295043273013376,0.13217938630999213,1271.0,673.0,168.0,,86708.70306395229,572424.1161834259,1621.0,141.0,2.66,0.133,2.81,0.1405,25.0,1.0,6.52,0.6519999999999999,9.08,0.454,19.2,0.64
2025,IR-E-U-0020,Koneru Lakshmaiah Education Foundation University (K L College of Engineering),35.0,58.95,8.975655285058723,73.66666666666667,767361.9310500225,99626.69922151451,33264.89455060156,0.371771589991929,0.09493543179983858,9912.0,3685.0,941.0,,29629.67106221586,184932.8926230126,13271.0,942.0,1.4,0.06999999999999999,11.07,0.5535,13.06,0.5224,0.74,0.074,18.65,0.9324999999999999,10.66,0.35533333333333333
2025,IR-E-U-0025,National Institute of Technology Warangal,28.0,61.05,50.468441814595664,49.166666666666664,1341114.8936170214,369278.91624790616,63641.42462311558,0.6111880365549709,0.23068402104680144,3611.0,2207.0,833.0,,71297.22045647768,466244.7376888366,5097.0,398.0,7.52,0.376,9.06,0.453,18.45,0.738,2.05,0.205,16.16,0.808,17.68,0.5893333333333334
2025,IR-E-U-0042,University of Hyderabad,74.0,49.36,,20.166666666666668,659921.4659685864,1424773.2598870057,22717.514124293783,1.0535714285714286,0.4897959183673469,392.0,413.0,192.0,,93557.61737089201,872810.7887323943,284.0,59.0,0.0,0.0,5.51,0.27549999999999997,14.51,0.5804,4.29,0.429,4.61,0.2305,14.38,0.47933333333333333
2025,IR-E-U-0043,"Vignan's Foundation for Science, Technology and Research",80.0,48.27,47.352609838527975,30.5,480457.76145370194,60063.87978142076,94077.00546448088,0.4829201101928375,0.18044077134986225,3630.0,1753.0,655.0,,15405.583656174334,104127.64192897499,8260.0,610.0,7.28,0.364,5.41,0.2705,9.68,0.3872,0.89,0.089,17.3,0.865,7.21,0.24033333333333334
2025,IR-E-U-0053,Indian Institute of Technology Guwahati,8.0,72.24,37.99182422074604,123.66666666666667,1809664.610866373,3006445.8079710146,557943.2449275362,0.9563829787234043,1.2340425531914894,1880.0,1798.0,2320.0,,211745.57922285853,516224.12162078946,5413.0,460.0,6.08,0.304,15.5,0.775,21.5,0.86,7.05,0.705,17.86,0.893,18.32,0.6106666666666667
2025,IR-E-U-0055,National Institute of Technology Silchar,50.0,55.91,46.33730834752981,39.833333333333336,1082481.865284974,514354.86251621274,43705.93774319066,0.4586704185719311,0.227224762574745,2843.0,1304.0,646.0,,62986.38609737048,333948.72047209926,3841.0,257.0,6.11,0.3055,7.82,0.391,16.53,0.6612,2.11,0.211,14.42,0.721,15.06,0.502
2025,IR-E-U-0064,Indian Institute of Technology Patna,19.0,64.52,72.7591387080621,52.5,2135945.0726979,2383580.381313131,359420.63383838383,0.4068270844991606,0.4152210408505876,1787.0,727.0,742.0,,292465.0261736602,496735.3931588422,2407.0,264.0,9.57,0.47850000000000004,9.93,0.4965,21.2,0.848,7.25,0.725,12.48,0.624,20.2,0.6733333333333333
2025,IR-E-U-0072,National Institute of Technology Patna,53.0,53.89,87.57785467128028,55.0,833810.4417670682,299886.7475915222,491686.60886319843,0.4375993640699523,0.5333863275039745,2516.0,1101.0,1342.0,,29663.070186666664,332894.65941333334,3125.0,173.0,11.9,0.595,7.84,0.392,14.19,0.5676,2.28,0.22799999999999998,12.3,0.615,13.5,0.45
2025,IR-E-U-0092,"National Institute of Technology, Raipur",86.0,47.59,57.24254090471607,41.666666666666664,877288.0783519081,107994.79534313724,141876.15073529413,0.49002217294900224,0.2917960088691796,2255.0,1105.0,658.0,,27694.416609783846,241195.89738339023,4395.0,272.0,8.51,0.4255,7.31,0.3655,14.23,0.5692,1.07,0.10700000000000001,13.82,0.6910000000000001,11.47,0.38233333333333336
2025,IR-E-U-0098,Delhi Technological University,30.0,60.85,13.642028568689483,65.66666666666667,1329964.3729641694,85171.34092634775,117526.40129081244,0.5504151838671412,0.25879794385132465,5058.0,2784.0,1309.0,,32035.809258243433,222453.49896385687,10938.0,878.0,1.77,0.0885,8.92,0.446,17.49,0.6995999999999999,1.14,0.11399999999999999,19.0,0.95,12.0,0.4
2025,IR-E-U-0105,Indraprastha Institute of Information Technology,63.0,51.33,9.838274932614555,12.666666666666666,1748403.2946918854,1537979.096014493,126484.39492753624,0.7114583333333333,0.35625,960.0,683.0,342.0,,50098.88789793138,367271.5663322185,2691.0,184.0,0.99,0.0495,3.96,0.198,19.95,0.7979999999999999,4.54,0.454,12.0,0.6,16.16,0.5386666666666666
2025,IR-E-U-0108,Jamia Millia Islamia,24.0,62.42,90.52706552706553,32.833333333333336,1135842.7835051545,928520.9669211196,843901.1653944021,0.5547385620915033,0.29983660130718953,1224.0,679.0,367.0,,22915.889333333336,523383.5059047619,1750.0,131.0,9.02,0.45099999999999996,7.9,0.395,15.64,0.6256,4.93,0.493,10.5,0.525,16.67,0.5556666666666668
2025,IR-E-U-0139,Indian Institute of Technology Gandhinagar,25.0,62.31,36.92579505300353,25.333333333333332,1435586.3509749305,4380941.29004329,408267.84632034635,0.4968944099378882,0.7391304347826086,805.0,400.0,595.0,,218012.66510590859,998358.5855072463,1495.0,154.0,4.1,0.205,6.58,0.329,18.27,0.7308,8.61,0.861,11.5,0.575,25.57,0.8523333333333334
2025,IR-E-U-0149,Sardar Vallabhbhai National Institute of Technology,66.0,50.77,37.61746821448314,36.166666666666664,845605.6552143509,236794.35100117786,541043.5853945818,0.46999104210212006,0.17527620185129889,3349.0,1574.0,587.0,,84458.70774619855,361666.7864023565,4187.0,283.0,3.86,0.193,6.14,0.307,14.28,0.5711999999999999,2.45,0.24500000000000002,13.2,0.6599999999999999,15.27,0.509
2025,IR-E-U-0172,National Institute of Technology Kurukshetra,85.0,47.98,60.30117852466172,26.666666666666668,991813.3367662204,304678.2752902156,400265.8325041459,0.46275792652239556,0.10619023653749371,3974.0,1839.0,422.0,,41138.21024223275,287841.9506319115,5064.0,201.0,8.73,0.4365,4.45,0.2225,15.34,0.6136,1.76,0.176,15.19,0.7595,13.49,0.44966666666666666
2025,IR-E-U-0184,Indian Institute of Technology Mandi,26.0,62.08,50.03538570417551,29.5,1405952.380952381,879998.3902053713,74096.67614533965,0.858678955453149,0.5529953917050692,1302.0,1118.0,720.0,,146872.34059474414,832869.8418049793,1928.0,211.0,5.67,0.2835,6.94,0.34700000000000003,21.2,0.848,3.74,0.374,12.45,0.6224999999999999,21.51,0.7170000000000001
2025,IR-E-U-0197,National Institute of Technology Srinagar,73.0,50.23,87.02090592334494,33.5,976498.643761302,505795.2132132132,96241.01651651652,0.5790101371496721,0.2146690518783542,1677.0,971.0,360.0,,73319.05416336938,365130.07922272047,3791.0,222.0,13.8,0.6900000000000001,7.44,0.372,15.14,0.6056,2.11,0.211,13.01,0.6505,16.29,0.5429999999999999
2025,IR-E-U-0202,Birla Institute of Technology,51.0,55.28,17.057142857142857,23.0,957638.8019323671,338697.58809523814,106201.55595238095,0.5967948717948718,0.2782051282051282,1560.0,931.0,434.0,,59684.78905900259,355652.97734801687,3723.0,280.0,1.71,0.08549999999999999,5.58,0.279,15.06,0.6024,2.1,0.21000000000000002,13.45,0.6725,15.72,0.524
2025,IR-E-U-0205,Indian Institute of Technology (Indian School of Mines),15.0,65.37,52.47113163972286,165.66666666666666,1310741.0611303344,723017.3877995643,180644.96005809732,0.6625555007400099,0.3384311790823878,4054.0,2686.0,1372.0,,103954.51632827386,568662.4726986004,5073.0,459.0,7.91,0.3955,14.57,0.7285,17.84,0.7136,3.52,0.352,15.87,0.7935,18.2,0.6066666666666667
2025,IR-E-U-0207,"National Institute of Technology, Jamshedpur",82.0,48.25,70.45988586774085,29.0,1031261.2403100776,501125.7948717949,24862.686274509804,0.681757656458056,0.18508655126498003,1502.0,1024.0,278.0,,70516.06791067605,344695.2774548792,3269.0,221.0,10.51,0.5255,5.98,0.29900000000000004,15.5,0.62,1.86,0.186,12.14,0.607,14.68,0.48933333333333334
2025,IR-E-U-0217,Christ University,76.0,49.03,15.126676602086437,3.1666666666666665,518744.6504992867,11828.450617283952,8286.078703703704,0.24771062271062272,0.06043956043956044,2184.0,541.0,132.0,,30822.172019985723,195546.00023792527,2802.0,216.0,2.22,0.11100000000000002,0.45,0.0225,10.11,0.4044,0.14,0.014000000000000002,10.15,0.5075000000000001,10.97,0.3656666666666667
2025,IR-E-U-0221,International Institute of Information Technology Bangalore,69.0,50.46,,5.333333333333333,2292572.661870504,10637442.623376623,106120.68398268399,0.8983333333333333,0.15666666666666668,600.0,539.0,94.0,,128325.7380952381,1374217.9507722007,1036.0,77.0,0.0,0.0,1.47,0.0735,23.58,0.9431999999999999,8.13,0.8130000000000001,8.19,0.4095,25.89,0.863
2025,IR-E-U-0223,"Jain university,Bangalore",84.0,48.01,28.08870116156283,10.833333333333334,669514.4101876676,102347.85369532429,99239.58069381598,0.2894272016149382,0.061317183951551855,3963.0,1147.0,243.0,,30601.71752224504,174854.40793976726,4870.0,442.0,2.27,0.1135,3.49,0.17450000000000002,11.95,0.478,1.27,0.127,14.05,0.7025,9.56,0.3186666666666667
2025,IR-E-U-0237,"National Institute of Technology Karnataka, Surathkal",17.0,64.59,63.10509154752947,67.16666666666667,1237495.395159563,894261.733122363,655589.0284810127,0.8756698821007503,0.3168988924615934,2799.0,2451.0,887.0,,302916.41307641036,520171.8033084894,5501.0,316.0,9.55,0.47750000000000004,10.78,0.5389999999999999,17.8,0.7120000000000001,4.14,0.414,17.5,0.875,24.24,0.8079999999999999
2025,IR-E-U-0255,Indian Institute of Space Science and Technology,61.0,52.44,49.438202247191015,15.5,1028126.8623853211,290715.9061488673,153279.58252427186,0.6675496688741722,0.48344370860927155,755.0,504.0,365.0,,,920866.0375798573,887.0,103.0,5.86,0.29300000000000004,4.01,0.20049999999999998,15.9,0.636,2.23,0.223,8.65,0.4325,22.27,0.7423333333333333
2025,IR-E-U-0263,National Institute of Technology Calicut,21.0,63.05,77.38187451587916,45.5,1139560.7529948659,338778.4884579871,37871.4783010157,0.7336956521739131,0.45815217391304347,1840.0,1350.0,843.0,,104056.59803301722,505542.62606252194,4745.0,361.0,10.34,0.517,9.66,0.483,16.3,0.652,1.69,0.16899999999999998,16.0,0.8,18.89,0.6296666666666667
2025,IR-E-U-0273,Indian Institute of Technology Indore,12.0,66.65,45.73490813648294,43.0,1601237.3134328357,1533926.673944687,279657.4192139738,0.5666666666666667,0.49925925925925924,1350.0,765.0,674.0,,155386.07062573393,645151.6492199296,1987.0,229.0,6.85,0.34249999999999997,9.23,0.4615,20.85,0.8340000000000001,5.93,0.593,12.55,0.6275000000000001,20.19,0.673
2025,IR-E-U-0284,Maulana Azad National Institute of Technology,81.0,48.26,62.912764908822076,26.833333333333332,1128767.9083094555,242696.39543726237,337124.14448669204,0.9911851126346719,0.465230166503428,1021.0,1012.0,475.0,,70705.49034443003,283730.925205361,4626.0,263.0,5.97,0.2985,5.68,0.284,16.5,0.66,1.87,0.187,14.72,0.736,13.33,0.44433333333333336
2025,IR-E-U-0306,Indian Institute of Technology Bombay,3.0,83.65,45.35310058982943,224.33333333333334,1717575.9261318506,5955754.442760943,1227444.4473905724,0.8834089191232048,0.7537792894935752,5292.0,4675.0,3989.0,,,1113945.514540373,8826.0,792.0,5.37,0.2685,20.0,1.0,20.67,0.8268000000000001,9.93,0.993,18.5,0.925,26.22,0.874
2025,IR-E-U-0308,Institute of Chemical Technology,41.0,57.96,32.87234042553192,29.833333333333332,723058.0688723836,2170263.3515482694,308863.3661202186,0.9616368286445013,0.49744245524296676,782.0,752.0,389.0,,132124.73572567783,477782.8642743222,2090.0,183.0,3.06,0.153,6.88,0.344,13.64,0.5456,6.42,0.642,11.5,0.575,18.3,0.61
2025,IR-E-U-0329,Symbiosis International,46.0,56.22,4.263402279442803,41.166666666666664,718963.9639639639,116190.55373406192,6938.675774134791,0.43157894736842106,0.23684210526315788,1140.0,492.0,270.0,,46679.560878243516,264463.9248170326,2505.0,183.0,0.51,0.025500000000000002,5.51,0.27549999999999997,12.62,0.5047999999999999,0.62,0.062,10.8,0.54,13.5,0.45
2025,IR-E-U-0334,"Visvesvaraya National Institute of Technology, Nagpur",44.0,56.58,46.59863945578231,38.5,985631.2759833706,501795.7744360902,798039.522556391,0.4928309436478826,0.17939313104368124,2999.0,1478.0,538.0,,88082.25011307102,463721.6574400724,3685.0,266.0,5.38,0.269,7.84,0.392,15.55,0.622,3.66,0.366,13.31,0.6655,16.73,0.5576666666666666
2025,IR-E-U-0355,Indian Institute of Technology Bhubaneswar,39.0,58.22,47.961884595023825,27.333333333333332,1375488.1038211968,799430.8805970149,392995.36650082923,0.5463743676222597,0.25295109612141653,1779.0,972.0,450.0,,111804.08943445857,546089.6390472016,2281.0,201.0,5.34,0.267,6.99,0.34950000000000003,18.42,0.7368000000000001,4.21,0.421,11.05,0.5525,18.49,0.6163333333333333
2025,IR-E-U-0356,Kalinga Institute of Industrial Technology,36.0,58.79,14.134094568877178,67.5,647794.6902654867,381435.9675324675,213691.55287569572,0.36560522151898733,0.12915348101265822,10112.0,3697.0,1306.0,,59636.786115512026,351736.2879638965,13886.0,1078.0,2.06,0.10300000000000001,12.05,0.6025,11.77,0.4708,2.75,0.275,20.0,1.0,15.61,0.5203333333333333
2025,IR-E-U-0357,National Institute of Technology Rourkela,13.0,66.62,59.476490547746,67.0,1269462.8008752735,458854.64598842023,640823.6724565757,2.1639676113360324,0.951417004048583,988.0,2138.0,940.0,,,477225.22905726434,5332.0,403.0,9.13,0.4565,12.01,0.6005,16.93,0.6772,3.74,0.374,17.5,0.875,17.74,0.5913333333333333
2025,IR-E-U-0363,Siksha `O` Anusandhan,22.0,62.58,8.755020080321286,54.0,548173.1120029186,109523.27221438647,215373.7658674189,0.47885572139303484,0.19129353233830845,4020.0,1925.0,769.0,,104884.70104115023,326004.7425549496,10085.0,709.0,1.4,0.06999999999999999,10.61,0.5305,10.56,0.4224,1.57,0.157,19.0,0.95,17.06,0.5686666666666667
2025,IR-E-U-0373,Chitkara University,89.0,47.34,7.038369304556355,17.5,671739.9428445812,10859.684007707128,13120.398843930636,0.45791245791245794,0.06801346801346801,4455.0,2040.0,303.0,,13707.033432717153,203262.21935996818,8385.0,519.0,0.95,0.0475,3.49,0.17450000000000002,12.11,0.4844,0.13,0.013000000000000001,13.34,0.667,10.67,0.3556666666666667
2025,IR-E-U-0374,"Dr. B R Ambedkar National Institute of Technology, Jalandhar",55.0,53.38,48.8898856245795,26.666666666666668,892991.4277268696,117690.3543240974,50698.61544920235,0.4148241206030151,0.12010050251256281,3980.0,1651.0,478.0,,48603.728514552444,273055.5630834706,4856.0,397.0,7.82,0.391,6.27,0.3135,13.89,0.5556,0.97,0.097,14.0,0.7,12.9,0.43
2025,IR-E-U-0378,Indian Institute of Technology Ropar,32.0,59.66,49.73579920739762,38.5,1669223.3183856502,2396675.4125230205,360434.62062615104,1.7487046632124352,2.5207253886010363,386.0,675.0,973.0,,300002.3266100496,743079.5244161359,1884.0,181.0,7.61,0.3805,8.4,0.42000000000000004,20.05,0.802,6.1,0.61,11.7,0.585,20.73,0.6910000000000001
2025,IR-E-U-0379,Lovely Professional University,48.0,55.99,16.03540772532189,56.0,721296.489603502,19050.268956979264,19043.214484679665,1.1362637362637362,0.09065934065934066,7280.0,8272.0,660.0,,5558.514230225989,97056.634375,18880.0,1077.0,2.43,0.12150000000000001,4.91,0.2455,12.54,0.5015999999999999,0.21,0.020999999999999998,18.0,0.9,7.08,0.23600000000000002
2025,IR-E-U-0384,Sant Longowal Institute of Engineering & Technology,79.0,48.42,25.87991718426501,12.0,400131.1563169165,19888.207100591717,4319.357001972387,0.4238733252131547,0.17174177831912302,821.0,348.0,141.0,,44509.29870775348,449000.0384360504,2012.0,169.0,2.56,0.128,2.62,0.131,8.66,0.3464,0.15,0.015,10.0,0.5,22.29,0.743
2025,IR-E-U-0389,Banasthali Vidyapith,71.0,50.38,31.595677050222505,29.333333333333332,859752.7577025485,156547.98824786325,96548.17414529914,0.4591397849462366,0.12419354838709677,1860.0,854.0,231.0,,40462.843008053555,267341.0456019245,3187.0,312.0,3.79,0.1895,7.33,0.3665,13.95,0.5579999999999999,1.37,0.137,10.89,0.5445,11.34,0.378
2025,IR-E-U-0391,Birla Institute of Technology & Science -Pilani,11.0,67.02,0.8011444921316166,42.5,1801338.2899628254,302895.27530864195,44056.29670781893,0.6312534109514281,0.15499363289066764,5497.0,3470.0,852.0,,85987.43404841906,476688.8730651044,11607.0,810.0,0.13,0.006500000000000001,7.58,0.379,20.22,0.8088,1.63,0.16299999999999998,19.0,0.95,18.4,0.6133333333333333
2025,IR-E-U-0395,Indian Institute of Technology Jodhpur,27.0,61.31,44.66321243523316,10.5,1369689.84962406,1582298.2883506343,520984.48673587077,0.46530612244897956,0.9387755102040817,980.0,456.0,920.0,,329354.2530271399,988751.5869171885,2395.0,289.0,6.21,0.3105,3.14,0.157,18.04,0.7216,6.41,0.641,12.5,0.625,25.44,0.8480000000000001
2025,IR-E-U-0410,Malaviya National Institute of Technology,42.0,57.45,46.11694152923538,50.333333333333336,1011439.3026941363,660419.9603658536,341501.80386178865,0.5433389544688026,0.27622259696458684,2965.0,1611.0,819.0,,56465.18683812406,368372.4373003866,3966.0,328.0,7.27,0.3635,8.3,0.41500000000000004,15.45,0.618,3.85,0.385,15.39,0.7695000000000001,14.9,0.4966666666666667
2025,IR-E-U-0436,Amrita Vishwa Vidyapeetham,23.0,62.46,21.082235671057315,30.333333333333332,675898.5359251968,651265.2070566388,114055.7799442897,0.5457044673539518,0.19072164948453607,5820.0,3176.0,1110.0,,104211.56684250868,263590.3999729474,14786.0,1077.0,3.37,0.1685,4.91,0.2455,11.81,0.47240000000000004,3.18,0.318,18.0,0.9,15.73,0.5243333333333333
2025,IR-E-U-0439,Anna University,20.0,63.51,42.36917013356689,118.0,690211.5976965314,442909.2628759786,468953.23156159866,0.5163865546218488,0.36470588235294116,4760.0,2458.0,1736.0,,28576.810129406513,326007.1938866577,10458.0,809.0,5.46,0.273,12.66,0.633,12.61,0.5044,3.21,0.321,17.86,0.893,12.8,0.4266666666666667
2025,IR-E-U-0456,Indian Institute of Technology Madras,1.0,88.72,50.47120418848168,137.66666666666666,1637854.235162374,9964052.534013605,4257167.674927114,0.6255860683188211,0.44608171466845276,4479.0,2802.0,1998.0,,922021.3301306885,2259450.2199493777,6453.0,686.0,7.66,0.383,16.68,0.834,19.54,0.7816,10.0,1.0,18.5,0.925,30.0,1.0
2025,IR-E-U-0458,Kalasalingam Academy of Research and Education,33.0,59.03,48.88178913738019,49.0,616899.2874109264,33345.547375596456,113745.08043626448,0.5107843137254902,0.16895424836601308,3060.0,1563.0,517.0,,41101.19891048292,225421.07449941107,6792.0,489.0,7.68,0.384,9.08,0.454,11.39,0.4556,0.85,0.08499999999999999,16.49,0.8244999999999999,12.78,0.426
2025,IR-E-U-0467,National Institute of Technology Tiruchirappalli,9.0,68.14,52.134359692092374,74.16666666666667,1342054.5043772946,419743.4677083333,208926.54895833333,1.1213692946058091,0.8516597510373444,964.0,1081.0,821.0,,122176.54097432025,521967.05765357503,5296.0,320.0,8.21,0.41050000000000003,10.69,0.5345,17.86,0.7143999999999999,2.34,0.23399999999999999,17.5,0.875,19.73,0.6576666666666667
2025,IR-E-U-0473,S.R.M. Institute of Science and Technology,14.0,65.83,7.029357620385621,119.83333333333333,561390.2492507858,72559.72707204496,16130.560505719446,0.474581139301101,0.1430349449497367,10445.0,4957.0,1494.0,,41637.85858819181,285132.56689457636,21646.0,1661.0,1.1,0.05500000000000001,11.65,0.5825,10.78,0.43119999999999997,0.5,0.05,17.82,0.891,13.48,0.44933333333333336
2025,IR-E-U-0474,Sathyabama Institute of Science and Technology,67.0,50.64,12.914438502673796,46.333333333333336,520180.7268702966,119193.09340659341,28918.62545787546,0.5590579710144927,0.1463768115942029,5520.0,3086.0,808.0,,57012.62082645586,126222.93420785916,11511.0,1092.0,2.07,0.1035,4.79,0.2395,10.07,0.4028,1.07,0.10700000000000001,17.99,0.8995,9.58,0.31933333333333336
2025,IR-E-U-0476,Shanmugha Arts Science Technology & Research Academy,40.0,58.02,32.66034578918015,57.0,748942.9440171705,441602.04411764705,431828.59264705883,1.8799603174603174,0.37896825396825395,2016.0,3790.0,764.0,,119730.36243640375,209504.59213007436,9369.0,680.0,5.08,0.254,10.65,0.5325,12.91,0.5164,3.37,0.337,17.5,0.875,14.07,0.46900000000000003
2025,IR-E-U-0489,Vel Tech Rangarajan Dr. Sagunthala R & D Institute of Science and Technology,87.0,47.43,27.097865144789687,26.333333333333332,397697.33288318705,80356.56083086053,12150.98862512364,0.40540540540540543,0.131981981981982,4440.0,1800.0,586.0,,7146.588723565475,95617.83347110284,9678.0,674.0,4.34,0.217,1.41,0.0705,8.58,0.3432,0.52,0.052000000000000005,15.5,0.775,6.6,0.22
2025,IR-E-U-0490,Vellore Institute of Technology,16.0,65.25,0.789832299691298,106.66666666666667,848761.7267023972,67559.64922849291,9308.870006341154,0.827317880794702,0.16070640176600443,18120.0,14991.0,2912.0,,24310.251963297298,146761.7098554924,44865.0,3154.0,0.12,0.006,13.72,0.686,13.93,0.5572,0.42,0.041999999999999996,20.0,1.0,10.2,0.33999999999999997
2025,IR-E-U-0496,Aligarh Muslim University,34.0,59.01,35.619351408825096,21.833333333333332,574968.9578713969,354129.4946236559,159477.73732718895,1.0082191780821919,0.31917808219178084,730.0,736.0,233.0,,12946.868381652375,480213.05866340006,2449.0,217.0,3.59,0.1795,5.72,0.286,11.06,0.4424,2.46,0.246,11.0,0.55,17.6,0.5866666666666667
2025,IR-E-U-0497,Amity University,37.0,58.53,1.758198340576847,70.5,544090.0,213193.62184189077,5868.111654441727,0.9981949458483754,0.36209386281588446,2770.0,2765.0,1003.0,,11984.22383252818,,5589.0,409.0,0.23,0.0115,6.73,0.3365,10.78,0.43119999999999997,0.87,0.087,13.6,0.6799999999999999,12.92,0.43066666666666664
2025,IR-E-U-0530,Motilal Nehru National Institute of Technology,62.0,52.15,73.41633901266928,34.833333333333336,1242202.632232431,319120.02926208655,327107.1030534351,0.4993450353680901,0.1585014409221902,3817.0,1906.0,605.0,,59068.86161596837,374651.1191250558,5227.0,262.0,9.96,0.49800000000000005,6.7,0.335,17.63,0.7051999999999999,2.01,0.20099999999999998,15.79,0.7895,15.78,0.526
2025,IR-E-U-0535,Rajiv Gandhi Institute of Petroleum Technology,78.0,48.52,16.54441727791361,9.166666666666666,791958.7628865979,661470.5677966102,71796.46610169491,0.5809768637532133,0.5912596401028277,389.0,226.0,230.0,,164225.83826583595,409282.20456905506,1284.0,118.0,1.9,0.095,2.81,0.1405,13.79,0.5516,3.2,0.32,9.5,0.475,20.26,0.6753333333333333
2025,IR-E-U-0555,Graphic Era University,52.0,55.26,5.999571459181487,9.166666666666666,573163.5612855008,23533.203703703704,186194.6435185185,0.5220720720720721,0.12342342342342343,2220.0,1159.0,274.0,,46062.5859604876,195244.60599691747,4758.0,360.0,0.96,0.048,2.22,0.11100000000000002,10.95,0.43799999999999994,1.14,0.11399999999999999,12.75,0.6375,11.97,0.399
2025,IR-E-U-0560,Indian Institute of Technology Roorkee,6.0,75.44,47.48991483639624,77.0,1747203.3184092704,1621999.168607876,1293647.7570715474,1.4072553045859,1.9329226557152634,1461.0,2056.0,2824.0,,261212.18496913128,734941.7193135967,6857.0,601.0,7.37,0.3685,12.78,0.639,19.98,0.7992,6.36,0.636,17.75,0.8875,21.46,0.7153333333333334
2025,IR-E-U-0564,UPES,43.0,56.99,0.7438400743840075,12.333333333333334,588711.2249650676,52318.70757880617,30358.571428571428,0.46298076923076925,0.062259615384615385,4160.0,1926.0,259.0,,26741.3805542889,389372.2117849724,6579.0,497.0,0.12,0.006,0.39,0.0195,11.25,0.45,0.54,0.054000000000000006,15.5,0.775,16.99,0.5663333333333332
2025,IR-E-U-0573,Indian Institute of Technology Kharagpur,5.0,78.69,48.72132105801549,202.33333333333334,1643340.3574788335,1975187.1420890936,403337.6378648234,0.5616733312826823,0.5243002153183636,6502.0,3652.0,3409.0,,158267.17105921006,994100.7913006213,9334.0,868.0,7.8,0.39,19.79,0.9894999999999999,21.34,0.8536,6.18,0.618,18.23,0.9115,22.88,0.7626666666666666
2025,IR-E-U-0575,Jadavpur University,18.0,64.54,61.00966702470462,66.0,995103.6770804534,491807.71221981203,534003.5748373102,0.638695652173913,0.46608695652173915,2300.0,1469.0,1072.0,,22549.341985990937,362467.9476720231,5663.0,461.0,5.69,0.28450000000000003,11.91,0.5955,15.19,0.6076,3.68,0.368,18.25,0.9125,13.97,0.4656666666666667
2025,IR-E-U-0577,National Institute of Technology Durgapur,49.0,55.94,65.28571428571429,41.166666666666664,1079355.7788944724,630690.2402826855,96350.17432273262,0.716247906197655,0.20569514237855946,2985.0,2138.0,614.0,,49411.1083441418,407751.78063121485,3855.0,283.0,9.22,0.461,8.78,0.43899999999999995,15.83,0.6332,2.74,0.274,14.07,0.7035,15.67,0.5223333333333333
2025,IR-E-U-0584,"Indian Institute of Engineering Science and Technology, Shibpur",54.0,53.63,53.03907380607815,42.666666666666664,797764.7058823529,229984.7240143369,183878.3799283154,0.4580498866213152,0.282312925170068,2646.0,1212.0,747.0,,71762.55518506169,537784.661331555,2999.0,279.0,6.5,0.325,9.3,0.465,13.42,0.5367999999999999,1.86,0.186,12.27,0.6134999999999999,16.17,0.539
2025,IR-E-U-0619,National Institute of Technology Meghalaya,83.0,48.21,73.4375,11.333333333333334,968903.0303030303,472032.2327044025,189199.23270440253,0.5566037735849056,0.8427672955974843,318.0,177.0,268.0,,339227.8788774003,451505.30526834074,677.0,106.0,11.22,0.561,3.23,0.1615,15.04,0.6015999999999999,3.69,0.369,6.44,0.322,17.72,0.5906666666666667
2025,IR-E-U-0622,National Institute of Technology Delhi,65.0,50.79,72.43947858472998,10.5,1501764.127243067,622511.5892857143,119552.47023809524,0.6978021978021978,0.19505494505494506,364.0,254.0,71.0,,339545.23692551506,423979.1843634443,1262.0,56.0,11.08,0.554,3.18,0.159,18.65,0.746,2.11,0.211,8.5,0.425,22.32,0.744
2025,IR-E-U-0701,Indian Institute of Technology (Banaras Hindu University) Varanasi,10.0,67.24,76.32941176470588,90.5,1838049.107142857,926149.2207678882,623324.1605584642,0.5132664037289351,0.21441376837576193,5578.0,2863.0,1196.0,,,490607.9839240213,7195.0,382.0,10.44,0.522,13.76,0.688,20.81,0.8323999999999999,3.74,0.374,17.62,0.881,17.56,0.5853333333333333
2025,IR-E-U-0739,Madan Mohan Malaviya University of Technology,60.0,52.45,73.00653594771242,35.5,853827.0594744121,419981.7229080933,374636.1920438958,0.594,0.21066666666666667,1500.0,891.0,316.0,,68057.87718762718,266812.287037037,3276.0,243.0,10.28,0.514,7.9,0.395,14.35,0.574,3.17,0.317,13.5,0.675,13.64,0.45466666666666666
2025,IR-E-U-0747,Chandigarh University,31.0,60.46,13.543191800878477,46.166666666666664,778841.1789652248,93500.7013680347,47319.58625291958,0.35862827434513095,0.05038992201559688,10002.0,3587.0,504.0,,61067.23444208539,149439.45449398443,14130.0,999.0,1.98,0.099,8.4,0.42000000000000004,13.17,0.5268,0.82,0.08199999999999999,17.88,0.8939999999999999,10.77,0.359
2025,IR-E-U-0749,Manipal University Jaipur,58.0,52.69,0.9731809437591943,12.5,688564.032016008,148726.97011849564,4693.425038639876,0.2504930966469428,0.06492439184746877,6084.0,1524.0,395.0,,25447.244690049247,156629.52122100673,8867.0,647.0,0.15,0.0075,1.01,0.0505,12.13,0.4852,0.77,0.077,14.84,0.742,10.49,0.3496666666666667
2025,IR-E-U-0844,"Indian Institute of Technology, Tirupati",57.0,52.73,59.05077262693157,2.0,1282759.3984962406,951854.9166666667,290134.3817204301,0.6561181434599156,0.3691983122362869,474.0,311.0,175.0,,764777.2986494782,685032.8907305095,1086.0,124.0,7.25,0.3625,0.77,0.0385,17.23,0.6892,4.63,0.46299999999999997,8.71,0.43550000000000005,25.61,0.8536666666666667
2025,IR-E-U-0878,Indian Institute of Technology Palakkad,64.0,51.2,51.051051051051054,4.166666666666667,1157338.2352941176,930509.0846153846,254660.00256410256,0.5068493150684932,0.3120243531202435,657.0,333.0,205.0,,318486.11200923787,527332.1281755196,866.0,130.0,5.53,0.2765,1.52,0.076,17.01,0.6804000000000001,4.69,0.46900000000000003,7.23,0.36150000000000004,20.16,0.672
2025,IR-E-U-0899,Indian Institute of Technology Dharwad,77.0,48.61,48.724179829890645,3.8333333333333335,1296901.4084507043,1036904.7619047619,45964.28571428572,0.225,0.2,760.0,171.0,152.0,,369090.9257226491,441324.9897548482,911.0,112.0,4.93,0.2465,1.41,0.0705,17.55,0.7020000000000001,4.1,0.41,8.04,0.40199999999999997,19.88,0.6626666666666666
2025,IR-E-U-0906,Indian Institute of Technology Jammu,56.0,53.08,42.285041224970556,5.833333333333333,1487116.8831168832,1806165.874396135,291815.27536231885,0.38144329896907214,0.43917525773195876,485.0,185.0,213.0,,1054862.9635854342,676648.6137566138,1071.0,138.0,5.73,0.28650000000000003,2.06,0.10300000000000001,18.17,0.7268000000000001,6.36,0.636,7.95,0.3975,24.63,0.821
2025,IR-E-U-0946,Indian Institute of Technology Bhilai,72.0,50.37,44.042838018741634,2.8333333333333335,1310065.5021834061,3723890.4112554113,733994.1688311688,0.3639398998330551,0.14357262103505844,599.0,218.0,86.0,,4938240.434730539,542884.9201596807,835.0,77.0,6.85,0.34249999999999997,0.83,0.041499999999999995,17.63,0.7051999999999999,8.69,0.869,6.22,0.311,24.45,0.815
2025,IR-E-U-1257,COEP Technological University,90.0,47.31,54.33842605938311,19.166666666666668,925368.7521845509,897900.5974576271,533019.9435028249,0.8982456140350877,0.25263157894736843,1140.0,1024.0,288.0,,90288.69207920792,334449.9788778878,4040.0,236.0,5.51,0.27549999999999997,2.52,0.126,15.04,0.6015999999999999,4.25,0.425,14.0,0.7,17.88,0.596
